HomeTeam,AwayTeam,FTR,FTHG,FTAG,HS,AS,HST,AST,HC,AC,HY,AY,HR,AR,AvgH,AvgD,AvgA,AvgMORE25,AvgCLESS25
Annan Athletic,Peterhead,A,1,2,11.0,13.0,8.0,7.0,6.0,7.0,3,1,0,0,3.4,3.75,2.0,1.57,2.29
Berwick,Clyde,H,3,1,9.0,18.0,3.0,8.0,5.0,9.0,1,1,0,0,3.0,3.4,2.3,1.73,2.03
Edinburgh City,Montrose,A,1,3,9.0,13.0,4.0,9.0,3.0,9.0,0,1,1,0,2.5,3.3,2.8,1.93,1.81
Elgin,Cowdenbeath,D,1,1,17.0,10.0,3.0,4.0,2.0,11.0,1,0,0,0,1.95,3.6,3.6,1.64,2.15
Stenhousemuir,Stirling,A,2,3,13.0,12.0,5.0,7.0,3.0,4.0,0,1,0,0,1.85,3.8,3.8,1.62,2.19
Clyde,Annan Athletic,H,2,1,11.0,13.0,5.0,4.0,2.0,5.0,2,3,0,0,2.0,3.5,3.6,1.57,2.28
Cowdenbeath,Edinburgh City,H,1,0,3.0,3.0,1.0,2.0,4.0,5.0,1,3,0,0,2.2,3.5,3.1,1.97,1.77
Montrose,Stenhousemuir,D,1,1,11.0,10.0,2.0,2.0,5.0,2.0,1,1,0,0,2.38,3.6,2.75,1.8,1.93
Peterhead,Elgin,H,3,0,20.0,6.0,9.0,1.0,7.0,2.0,1,3,1,0,1.44,4.2,7.5,1.6,2.22
Stirling,Berwick,H,4,0,17.0,20.0,8.0,1.0,6.0,7.0,0,0,0,0,1.75,3.75,4.5,1.65,2.13
Berwick,Annan Athletic,A,1,5,10.0,13.0,2.0,7.0,4.0,5.0,4,2,0,0,2.5,3.8,2.5,1.53,2.7
Elgin,Clyde,H,3,2,13.0,9.0,3.0,6.0,4.0,4.0,2,2,0,1,2.15,3.8,3.0,1.57,2.28
Montrose,Cowdenbeath,H,1,0,11.0,5.0,4.0,0.0,4.0,1.0,2,3,0,0,2.05,3.8,3.2,1.7,2.06
Stenhousemuir,Peterhead,H,3,1,8.0,13.0,4.0,7.0,1.0,4.0,1,1,0,0,3.2,3.8,2.05,1.59,2.25
Stirling,Edinburgh City,H,2,0,15.0,6.0,7.0,2.0,7.0,3.0,1,1,0,0,1.73,4.0,4.2,1.68,2.09
Annan Athletic,Montrose,A,0,1,6.0,9.0,4.0,4.0,4.0,7.0,2,1,0,0,2.4,3.4,2.8,1.62,2.19
Clyde,Stenhousemuir,D,1,1,11.0,8.0,3.0,5.0,6.0,1.0,2,0,0,0,2.1,3.5,3.3,1.67,2.1
Cowdenbeath,Berwick,A,0,1,9.0,11.0,6.0,7.0,8.0,3.0,2,3,0,0,1.95,3.6,3.6,1.68,2.09
Edinburgh City,Elgin,A,0,3,8.0,15.0,2.0,9.0,8.0,4.0,5,0,1,0,2.7,3.4,2.5,1.81,1.93
Peterhead,Stirling,A,2,4,14.0,15.0,6.0,6.0,7.0,2.0,3,1,1,0,1.73,3.8,4.5,1.63,2.17
Edinburgh City,Berwick,H,1,0,4.0,6.0,3.0,3.0,2.0,6.0,1,1,0,0,2.25,3.75,2.8,1.74,2.0
Elgin,Annan Athletic,A,0,1,12.0,17.0,3.0,4.0,5.0,6.0,1,1,0,0,2.1,3.6,3.2,1.49,2.47
Peterhead,Montrose,D,1,1,12.0,6.0,5.0,4.0,2.0,4.0,2,2,0,0,1.65,4.1,4.75,1.62,2.2
Stenhousemuir,Cowdenbeath,H,1,0,14.0,9.0,4.0,2.0,3.0,5.0,1,1,0,0,1.95,3.6,3.6,1.62,2.19
Stirling,Clyde,A,2,3,10.0,15.0,4.0,4.0,3.0,8.0,1,3,0,0,1.85,3.8,3.8,1.61,2.22
Annan Athletic,Stenhousemuir,D,1,1,9.0,12.0,3.0,5.0,6.0,2.0,1,1,0,0,2.63,3.5,2.5,1.59,2.24
Berwick,Elgin,H,3,2,18.0,10.0,6.0,5.0,7.0,3.0,2,1,0,0,2.8,3.5,2.38,1.61,2.2
Clyde,Edinburgh City,A,2,3,13.0,4.0,4.0,3.0,9.0,0.0,1,4,1,0,2.0,3.6,3.5,1.7,2.06
Cowdenbeath,Peterhead,A,0,4,3.0,12.0,3.0,9.0,6.0,6.0,1,0,0,0,3.6,3.75,1.91,1.68,2.09
Montrose,Stirling,A,1,3,12.0,16.0,4.0,10.0,6.0,1.0,2,1,0,0,2.38,3.5,2.8,1.64,2.15
Clyde,Cowdenbeath,D,1,1,19.0,12.0,11.0,6.0,15.0,7.0,2,2,1,0,1.85,3.8,3.8,1.71,2.04
Edinburgh City,Peterhead,A,0,3,6.0,15.0,4.0,8.0,3.0,2.0,3,1,0,0,5.0,4.0,1.62,1.66,2.11
Elgin,Montrose,H,3,0,15.0,14.0,7.0,3.0,2.0,5.0,0,2,0,0,2.4,3.5,2.75,1.61,2.21
Stenhousemuir,Berwick,H,3,0,12.0,8.0,5.0,3.0,6.0,1.0,2,2,0,0,1.62,4.0,5.0,1.57,2.26
Stirling,Annan Athletic,H,3,2,10.0,16.0,7.0,6.0,2.0,5.0,2,4,0,0,1.8,4.0,3.8,1.5,2.44
Annan Athletic,Cowdenbeath,H,1,0,18.0,5.0,6.0,1.0,4.0,3.0,3,1,0,0,1.8,3.6,3.8,1.65,2.13
Montrose,Clyde,H,3,2,8.0,16.0,5.0,4.0,6.0,5.0,1,2,0,0,2.55,3.4,2.45,1.67,2.1
Peterhead,Berwick,A,0,2,15.0,6.0,4.0,3.0,10.0,2.0,1,2,0,0,1.45,4.2,6.0,1.56,2.28
Stenhousemuir,Edinburgh City,H,3,0,14.0,10.0,8.0,2.0,7.0,4.0,0,0,0,0,1.45,4.33,5.75,1.61,2.19
Stirling,Elgin,D,2,2,10.0,12.0,5.0,5.0,3.0,7.0,2,4,0,0,1.85,3.75,3.5,1.56,2.29
Berwick,Montrose,A,0,1,5.0,5.0,3.0,4.0,1.0,2.0,0,2,0,0,2.79,3.5,2.37,1.61,2.2
Clyde,Peterhead,A,1,4,8.0,20.0,4.0,10.0,5.0,8.0,4,1,0,0,3.6,4.0,1.85,1.49,2.48
Cowdenbeath,Stirling,A,0,3,6.0,13.0,4.0,7.0,6.0,2.0,2,1,0,0,3.25,3.5,2.1,1.65,2.13
Edinburgh City,Annan Athletic,A,0,1,5.0,13.0,2.0,6.0,2.0,3.0,2,3,0,0,3.2,3.6,2.1,1.68,2.07
Elgin,Stenhousemuir,H,2,0,8.0,6.0,4.0,1.0,6.0,4.0,2,3,0,0,3.1,3.6,2.14,1.57,2.26
Berwick,Cowdenbeath,H,1,0,10.0,6.0,4.0,3.0,3.0,7.0,3,2,0,0,2.04,3.6,3.29,1.76,1.97
Clyde,Elgin,A,2,4,7.0,10.0,3.0,6.0,2.0,2.0,4,3,0,0,2.39,3.39,2.79,1.52,2.37
Montrose,Edinburgh City,H,1,0,8.0,11.0,3.0,2.0,7.0,4.0,0,1,0,0,1.72,3.79,4.5,1.81,1.91
Peterhead,Annan Athletic,H,1,0,8.0,10.0,3.0,4.0,8.0,4.0,1,1,0,0,1.66,4.2,4.5,1.52,2.39
Stirling,Stenhousemuir,A,1,2,7.0,21.0,3.0,7.0,3.0,6.0,1,1,0,0,2.1,3.6,3.2,1.56,2.28
Annan Athletic,Berwick,D,0,0,11.0,3.0,5.0,2.0,3.0,2.0,2,3,0,0,1.72,4.0,4.2,1.55,2.34
Cowdenbeath,Montrose,A,1,3,4.0,6.0,2.0,5.0,2.0,5.0,1,1,0,0,3.6,3.6,1.95,1.83,1.89
Edinburgh City,Stirling,A,1,2,11.0,7.0,4.0,3.0,3.0,4.0,0,2,0,0,5.5,4.0,1.57,1.69,2.08
Elgin,Peterhead,A,0,2,4.0,9.0,0.0,5.0,2.0,8.0,2,4,0,0,3.29,3.79,2.0,1.53,2.38
Stenhousemuir,Clyde,D,1,1,14.0,8.0,9.0,5.0,13.0,5.0,1,1,0,0,1.9,3.6,3.79,1.49,2.47
Berwick,Edinburgh City,D,1,1,6.0,8.0,4.0,4.0,2.0,3.0,2,1,0,0,2.04,3.5,3.39,1.84,1.88
Clyde,Stirling,D,1,1,11.0,5.0,6.0,1.0,7.0,7.0,1,3,0,0,2.62,3.5,2.5,1.5,2.46
Cowdenbeath,Elgin,A,1,3,6.0,16.0,4.0,8.0,2.0,6.0,5,0,2,0,2.87,3.5,2.29,1.67,2.09
Montrose,Annan Athletic,D,1,1,11.0,9.0,7.0,2.0,6.0,2.0,0,3,0,1,2.25,3.6,2.89,1.63,2.16
Peterhead,Stenhousemuir,A,2,3,19.0,8.0,4.0,3.0,7.0,3.0,3,2,0,0,1.8,3.79,4.0,1.68,2.08
Cowdenbeath,Annan Athletic,D,1,1,10.0,11.0,4.0,5.0,4.0,5.0,1,2,0,0,3.6,3.75,1.95,1.83,1.91
Annan Athletic,Clyde,D,0,0,14.0,7.0,5.0,4.0,5.0,3.0,2,0,0,0,1.9,3.75,3.6,1.48,2.49
Edinburgh City,Cowdenbeath,D,0,0,6.0,5.0,2.0,3.0,4.0,4.0,2,1,0,0,2.1,3.5,3.29,1.95,1.79
Elgin,Berwick,H,5,1,20.0,11.0,11.0,3.0,8.0,4.0,1,2,0,0,1.72,4.0,4.2,1.59,2.24
Stenhousemuir,Montrose,A,0,1,9.0,12.0,2.0,2.0,2.0,3.0,1,1,0,0,1.8,3.75,4.2,1.79,1.94
Annan Athletic,Elgin,H,2,0,12.0,9.0,5.0,5.0,6.0,4.0,2,6,0,0,2.7,3.79,2.29,1.57,2.26
Berwick,Stirling,H,1,0,6.0,8.0,1.0,3.0,6.0,6.0,2,1,0,0,3.25,3.6,2.1,1.58,2.24
Clyde,Montrose,D,0,0,9.0,1.0,2.0,0.0,5.0,4.0,0,1,0,0,2.6,3.75,2.39,1.65,2.14
Peterhead,Edinburgh City,H,3,0,16.0,8.0,6.0,4.0,2.0,6.0,0,3,0,1,1.33,5.0,9.0,1.58,2.25
Stirling,Peterhead,A,0,1,8.0,20.0,1.0,5.0,3.0,12.0,1,2,1,0,4.0,4.09,1.75,1.5,2.46
Elgin,Edinburgh City,D,1,1,13.0,8.0,3.0,2.0,7.0,3.0,2,1,0,0,1.61,4.0,5.0,1.61,2.2
Montrose,Berwick,H,3,0,9.0,4.0,6.0,1.0,13.0,2.0,3,2,0,0,1.72,3.6,4.75,1.86,1.88
Stenhousemuir,Annan Athletic,A,1,3,10.0,11.0,7.0,5.0,4.0,2.0,0,1,0,0,2.29,3.6,2.87,1.72,2.03
Annan Athletic,Stirling,D,1,1,12.0,9.0,3.0,4.0,5.0,3.0,1,2,0,0,2.0,3.5,3.6,1.5,2.45
Edinburgh City,Stenhousemuir,A,1,2,12.0,10.0,6.0,5.0,7.0,11.0,2,2,0,0,3.6,3.5,2.0,1.88,1.86
Montrose,Elgin,H,3,0,10.0,4.0,4.0,2.0,5.0,6.0,2,1,0,0,2.0,3.5,3.6,1.72,2.03
Cowdenbeath,Stenhousemuir,D,1,1,9.0,13.0,5.0,7.0,6.0,8.0,2,1,0,0,4.75,3.75,1.7,2.13,1.67
Annan Athletic,Edinburgh City,H,2,1,12.0,8.0,3.0,8.0,6.0,5.0,1,1,0,0,1.61,4.0,5.0,1.57,2.28
Clyde,Berwick,D,0,0,11.0,8.0,2.0,1.0,8.0,4.0,2,2,0,0,1.75,3.79,4.33,1.65,2.12
Peterhead,Cowdenbeath,H,3,2,9.0,9.0,6.0,3.0,3.0,1.0,3,4,0,1,1.36,5.25,7.0,1.58,2.25
Stenhousemuir,Elgin,H,4,1,16.0,5.0,7.0,1.0,11.0,2.0,1,1,0,0,2.0,3.5,3.6,1.57,2.27
Stirling,Montrose,A,0,1,11.0,10.0,5.0,4.0,6.0,7.0,2,0,0,0,2.7,3.39,2.5,1.75,1.98
Montrose,Peterhead,A,2,6,7.0,13.0,2.0,8.0,2.0,11.0,1,1,0,0,3.0,3.25,2.35,1.81,1.93
Clyde,Annan Athletic,D,0,0,7.0,7.0,1.0,2.0,8.0,7.0,4,3,1,1,2.7,3.39,2.5,1.76,1.98
Edinburgh City,Berwick,H,3,0,8.0,10.0,6.0,4.0,0.0,8.0,2,1,0,0,2.6,3.6,2.5,2.03,1.73
Montrose,Cowdenbeath,D,1,1,12.0,11.0,3.0,5.0,4.0,9.0,0,0,0,0,1.44,4.59,6.5,1.82,1.93
Peterhead,Elgin,H,7,0,20.0,6.0,11.0,2.0,5.0,2.0,0,4,0,0,1.44,4.5,6.5,1.5,2.46
Stenhousemuir,Stirling,H,2,1,13.0,11.0,6.0,7.0,6.0,7.0,1,3,0,0,2.04,3.6,3.39,1.62,2.19
Annan Athletic,Montrose,A,0,1,8.0,10.0,3.0,3.0,0.0,7.0,2,1,0,0,2.54,3.25,2.75,1.91,1.82
Cowdenbeath,Edinburgh City,A,0,2,7.0,5.0,1.0,2.0,4.0,2.0,0,0,0,0,2.37,3.39,2.87,2.11,1.67
Elgin,Clyde,H,2,1,8.0,10.0,4.0,2.0,6.0,5.0,1,1,0,0,2.14,3.5,3.2,1.61,2.2
Stenhousemuir,Peterhead,A,1,4,12.0,17.0,4.0,8.0,5.0,4.0,2,1,0,0,3.39,3.75,2.0,1.6,2.22
Stirling,Berwick,H,2,0,10.0,10.0,4.0,4.0,2.0,7.0,0,2,0,0,1.75,3.75,4.5,1.72,2.04
Berwick,Annan Athletic,A,0,2,7.0,7.0,3.0,5.0,6.0,6.0,1,1,0,0,3.0,3.6,2.2,1.73,2.02
Clyde,Stenhousemuir,A,0,3,10.0,13.0,3.0,5.0,8.0,9.0,2,1,0,0,2.79,3.39,2.39,1.69,2.06
Edinburgh City,Montrose,A,0,2,9.0,4.0,3.0,4.0,3.0,4.0,2,0,1,0,3.39,3.5,2.04,2.07,1.7
Elgin,Cowdenbeath,H,1,0,7.0,5.0,1.0,2.0,3.0,2.0,3,0,0,1,1.64,3.79,5.0,1.81,1.92
Peterhead,Stirling,H,4,3,11.0,6.0,7.0,5.0,4.0,5.0,2,2,0,0,1.39,4.5,8.0,1.5,2.43
Montrose,Clyde,A,1,3,8.0,12.0,5.0,6.0,11.0,4.0,3,0,0,0,1.9,3.6,3.75,1.9,1.84
Clyde,Peterhead,H,1,0,4.0,4.0,4.0,0.0,1.0,2.0,1,2,0,0,5.25,4.2,1.57,1.54,2.34
Cowdenbeath,Berwick,A,1,3,4.0,9.0,2.0,6.0,4.0,5.0,2,2,0,0,2.5,3.29,2.75,2.04,1.72
Edinburgh City,Annan Athletic,H,3,2,10.0,7.0,6.0,4.0,2.0,4.0,2,4,0,0,3.1,3.6,2.14,2.0,1.75
Elgin,Stenhousemuir,H,2,0,13.0,2.0,5.0,0.0,6.0,2.0,3,4,0,0,3.1,3.6,2.14,1.6,2.23
Montrose,Stirling,H,2,1,12.0,13.0,2.0,5.0,9.0,3.0,3,3,0,0,1.95,3.6,3.6,1.69,2.07
Berwick,Peterhead,A,2,3,7.0,8.0,5.0,6.0,3.0,4.0,1,0,0,0,7.5,4.75,1.39,1.54,2.36
Stirling,Cowdenbeath,H,1,0,9.0,9.0,4.0,3.0,6.0,5.0,0,1,0,0,1.61,4.0,5.0,1.71,2.04
Annan Athletic,Cowdenbeath,D,1,1,10.0,3.0,4.0,2.0,5.0,1.0,2,2,0,1,1.55,4.2,5.5,1.92,1.81
Clyde,Edinburgh City,H,3,2,12.0,8.0,4.0,5.0,4.0,13.0,4,1,0,0,1.8,3.75,4.2,1.99,1.76
Peterhead,Montrose,A,0,1,16.0,5.0,4.0,2.0,4.0,4.0,2,1,0,0,1.61,3.79,5.5,1.75,1.99
Stenhousemuir,Berwick,H,4,0,20.0,7.0,10.0,1.0,5.0,4.0,0,1,0,2,1.57,4.5,4.75,1.63,2.16
Stirling,Elgin,H,3,1,12.0,10.0,7.0,2.0,4.0,6.0,0,3,0,0,2.14,3.75,3.0,1.53,2.36
Berwick,Clyde,A,0,1,7.0,10.0,5.0,6.0,1.0,6.0,3,0,0,0,3.0,3.6,2.2,1.76,1.98
Cowdenbeath,Stirling,A,1,2,8.0,10.0,4.0,7.0,1.0,4.0,6,7,0,0,3.2,3.5,2.2,1.76,1.97
Edinburgh City,Peterhead,D,0,0,6.0,10.0,2.0,2.0,2.0,6.0,1,2,0,0,5.5,4.33,1.53,1.63,2.16
Elgin,Annan Athletic,H,2,1,11.0,3.0,6.0,2.0,2.0,3.0,1,1,0,0,2.25,3.5,3.0,1.74,2.0
Montrose,Stenhousemuir,H,1,0,14.0,15.0,6.0,4.0,8.0,7.0,2,2,0,0,2.14,3.29,3.39,1.77,1.97
Clyde,Cowdenbeath,H,2,0,11.0,4.0,5.0,0.0,5.0,0.0,2,3,0,0,1.66,3.79,5.0,1.87,1.86
Elgin,Montrose,D,2,2,11.0,12.0,5.0,3.0,2.0,4.0,1,3,0,0,2.54,3.5,2.6,1.83,1.9
Peterhead,Berwick,D,1,1,14.0,10.0,7.0,4.0,4.0,2.0,3,2,0,0,1.25,6.0,10.0,1.47,2.51
Stenhousemuir,Edinburgh City,H,1,0,13.0,10.0,4.0,4.0,8.0,6.0,0,4,0,0,1.5,4.33,6.0,1.77,1.97
Stirling,Annan Athletic,H,3,0,19.0,8.0,8.0,4.0,8.0,5.0,1,2,0,0,2.1,3.5,3.29,1.77,1.97
Annan Athletic,Peterhead,D,3,3,10.0,8.0,4.0,5.0,2.0,4.0,3,1,0,0,6.5,3.89,1.53,1.71,2.07
Annan Athletic,Stenhousemuir,H,2,0,11.0,16.0,4.0,5.0,3.0,4.0,1,3,0,0,2.7,3.39,2.5,1.84,1.89
Berwick,Montrose,D,2,2,9.0,6.0,5.0,2.0,2.0,2.0,2,1,0,0,4.09,3.75,1.8,1.91,1.84
Cowdenbeath,Peterhead,A,0,2,4.0,12.0,1.0,4.0,0.0,2.0,2,2,0,0,7.0,4.75,1.39,1.69,2.08
Edinburgh City,Elgin,H,4,0,14.0,7.0,10.0,1.0,8.0,7.0,2,0,0,0,2.7,3.39,2.5,1.77,1.97
Stirling,Clyde,H,2,1,10.0,11.0,5.0,4.0,5.0,1.0,4,2,0,0,2.04,3.6,3.39,1.64,2.15
Peterhead,Clyde,H,2,1,16.0,8.0,7.0,4.0,9.0,1.0,1,0,0,0,1.39,4.5,8.0,1.61,2.21
Annan Athletic,Edinburgh City,A,2,3,9.0,10.0,6.0,5.0,3.0,6.0,2,0,0,0,2.14,3.5,3.2,1.92,1.82
Elgin,Berwick,H,3,0,12.0,6.0,6.0,3.0,8.0,4.0,0,3,0,0,1.75,3.75,4.5,1.66,2.12
Stenhousemuir,Clyde,A,2,3,10.0,9.0,4.0,5.0,6.0,3.0,4,2,0,0,1.72,3.75,4.5,1.72,2.03
Stirling,Peterhead,A,0,1,6.0,11.0,0.0,4.0,7.0,6.0,2,1,0,0,3.5,3.6,2.0,1.69,2.07
Berwick,Stirling,A,0,1,12.0,7.0,4.0,4.0,8.0,5.0,1,2,0,0,3.5,3.6,2.04,1.76,1.99
Clyde,Elgin,H,1,0,16.0,12.0,5.0,5.0,8.0,5.0,1,1,0,0,1.95,3.7,3.5,1.57,2.3
Edinburgh City,Cowdenbeath,D,1,1,10.0,12.0,2.0,5.0,4.0,9.0,2,3,0,0,1.9,3.39,4.2,2.15,1.65
Montrose,Annan Athletic,H,2,1,14.0,8.0,2.0,2.0,5.0,4.0,2,2,0,0,2.0,3.5,3.6,1.87,1.87
Peterhead,Stenhousemuir,A,1,2,11.0,14.0,3.0,5.0,9.0,7.0,0,3,0,0,1.53,4.2,5.75,1.63,2.18
Annan Athletic,Clyde,D,1,1,12.0,11.0,4.0,3.0,4.0,4.0,3,2,0,0,2.39,3.6,2.75,1.78,1.95
Cowdenbeath,Elgin,H,3,1,11.0,7.0,6.0,5.0,5.0,7.0,0,0,0,0,3.29,3.6,2.04,1.71,2.03
Edinburgh City,Stirling,D,2,2,6.0,8.0,5.0,4.0,6.0,5.0,0,1,0,0,3.39,3.6,2.04,1.82,1.91
Montrose,Peterhead,H,3,2,6.0,16.0,3.0,5.0,3.0,5.0,1,1,0,0,4.0,3.5,1.9,1.79,1.93
Edinburgh City,Clyde,A,0,3,11.0,10.0,4.0,6.0,2.0,4.0,2,1,0,1,2.87,3.29,2.39,2.13,1.65
Elgin,Stirling,A,0,2,13.0,16.0,1.0,3.0,6.0,7.0,2,1,0,0,2.25,3.79,2.79,1.64,2.15
Stenhousemuir,Cowdenbeath,A,1,2,12.0,9.0,5.0,5.0,4.0,3.0,2,4,0,0,1.53,4.0,6.0,1.76,1.99
Berwick,Edinburgh City,D,1,1,10.0,6.0,3.0,1.0,3.0,8.0,3,1,0,0,2.7,3.39,2.5,1.93,1.81
Clyde,Montrose,H,3,0,15.0,5.0,9.0,1.0,3.0,2.0,1,3,0,0,2.45,3.39,2.75,1.94,1.8
Peterhead,Annan Athletic,H,1,0,15.0,5.0,7.0,3.0,20.0,1.0,1,1,0,1,1.36,4.75,8.0,1.61,2.21
Stenhousemuir,Elgin,A,0,2,8.0,11.0,1.0,3.0,10.0,4.0,1,2,1,0,1.75,3.89,4.2,1.61,2.21
Stirling,Cowdenbeath,D,2,2,9.0,10.0,4.0,5.0,1.0,6.0,1,0,0,0,1.75,4.0,4.2,1.78,1.95
Berwick,Elgin,D,2,2,13.0,8.0,5.0,5.0,2.0,9.0,2,2,0,0,2.89,3.5,2.29,1.71,2.06
Cowdenbeath,Clyde,A,0,3,8.0,9.0,4.0,5.0,6.0,0.0,2,1,0,0,3.6,3.5,2.0,1.97,1.78
Stirling,Edinburgh City,D,2,2,11.0,8.0,2.0,4.0,7.0,5.0,0,1,0,0,2.0,3.39,3.75,1.94,1.8
Annan Athletic,Berwick,D,0,0,9.0,15.0,3.0,6.0,3.0,9.0,2,1,0,0,1.95,3.5,3.75,1.85,1.88
Cowdenbeath,Stenhousemuir,D,1,1,8.0,10.0,3.0,4.0,4.0,7.0,3,1,0,0,4.09,3.6,1.85,1.88,1.85
Elgin,Stirling,H,3,0,13.0,12.0,7.0,4.0,4.0,2.0,1,2,0,0,2.5,3.29,2.79,1.66,2.12
Montrose,Edinburgh City,H,3,0,13.0,5.0,6.0,1.0,6.0,2.0,1,4,0,0,1.8,3.6,4.33,1.9,1.84
Peterhead,Clyde,H,3,0,13.0,8.0,7.0,3.0,8.0,6.0,1,3,0,0,1.44,4.5,5.5,1.57,2.27
Annan Athletic,Elgin,H,4,1,15.0,13.0,12.0,5.0,4.0,4.0,4,1,0,0,2.5,3.39,2.7,1.67,2.1
Berwick,Peterhead,A,1,3,4.0,13.0,1.0,8.0,4.0,4.0,2,0,0,0,6.0,4.33,1.5,1.57,2.28
Cowdenbeath,Clyde,H,1,0,8.0,11.0,4.0,5.0,1.0,7.0,2,5,0,0,4.33,3.5,1.83,1.88,1.84
Edinburgh City,Stenhousemuir,A,1,4,8.0,9.0,3.0,4.0,2.0,2.0,0,2,0,0,3.89,3.5,1.9,1.83,1.9
Stirling,Montrose,A,0,5,5.0,10.0,1.0,7.0,3.0,4.0,4,3,1,0,2.89,3.6,2.25,1.77,1.97
Cowdenbeath,Montrose,A,0,3,4.0,9.0,1.0,5.0,2.0,9.0,2,2,0,0,4.0,3.5,1.9,1.98,1.77
Clyde,Stirling,H,2,1,7.0,7.0,3.0,2.0,1.0,1.0,1,2,0,0,2.39,3.5,2.79,1.71,2.04
Elgin,Edinburgh City,D,1,1,13.0,8.0,4.0,2.0,10.0,5.0,2,2,0,0,1.83,3.75,4.0,1.67,2.1
Montrose,Berwick,H,1,0,10.0,1.0,2.0,1.0,8.0,1.0,1,3,0,0,1.5,4.33,6.0,1.61,2.19
Peterhead,Cowdenbeath,H,1,0,17.0,8.0,7.0,4.0,8.0,3.0,2,6,0,0,1.3,5.75,8.0,1.44,2.61
Stenhousemuir,Annan Athletic,H,3,2,15.0,12.0,6.0,5.0,9.0,2.0,2,1,0,0,1.85,3.79,3.79,1.69,2.08
Berwick,Stenhousemuir,D,0,0,6.0,14.0,4.0,4.0,2.0,6.0,2,0,0,0,4.5,3.79,1.72,1.75,2.0
Annan Athletic,Stirling,H,3,1,9.0,17.0,5.0,4.0,4.0,4.0,2,1,0,0,2.5,3.5,2.62,1.69,2.08
Berwick,Cowdenbeath,H,1,0,5.0,6.0,3.0,2.0,5.0,2.0,0,1,0,0,2.14,3.39,3.29,1.93,1.81
Edinburgh City,Clyde,A,1,3,7.0,12.0,3.0,6.0,6.0,9.0,5,0,0,0,3.39,3.5,2.04,1.77,1.96
Elgin,Peterhead,A,0,1,11.0,9.0,5.0,4.0,5.0,3.0,1,3,0,0,4.75,4.0,1.66,1.53,2.36
Stenhousemuir,Montrose,A,0,2,8.0,7.0,0.0,3.0,6.0,4.0,1,1,0,0,2.37,3.5,2.79,1.84,1.89
Berwick,Stenhousemuir,D,2,2,7.0,18.0,2.0,6.0,0.0,13.0,2,0,0,0,5.75,4.0,1.55,1.71,2.04
Clyde,Berwick,A,1,2,16.0,6.0,4.0,3.0,9.0,4.0,1,2,0,1,1.44,4.75,6.5,1.46,2.54
Cowdenbeath,Annan Athletic,A,0,2,7.0,9.0,5.0,4.0,2.0,2.0,2,0,0,1,3.39,4.0,1.9,1.71,2.05
Montrose,Elgin,D,1,1,18.0,5.0,9.0,3.0,15.0,0.0,0,1,0,0,1.25,5.25,13.0,1.55,2.33
Peterhead,Edinburgh City,H,2,1,12.0,3.0,4.0,2.0,5.0,4.0,2,3,0,0,1.19,5.75,17.0,1.45,2.58
Stirling,Stenhousemuir,D,1,1,4.0,8.0,1.0,3.0,2.0,6.0,0,0,0,0,3.0,2.79,2.45,1.92,1.82
Annan Athletic,Elgin,D,1,1,12.0,15.0,3.0,8.0,4.0,5.0,0,2,0,0,2.5,3.5,2.62,1.71,2.03
Berwick,Stirling,H,1,0,12.0,9.0,8.0,2.0,2.0,4.0,0,0,0,0,3.1,3.5,2.2,1.66,2.11
Clyde,Cowdenbeath,H,2,0,11.0,3.0,4.0,3.0,12.0,4.0,0,4,0,0,1.61,4.0,5.0,1.63,2.16
Edinburgh City,Albion Rvs,H,4,0,9.0,3.0,8.0,2.0,2.0,0.0,1,1,0,0,1.57,3.8,6.0,1.69,2.06
Peterhead,Queens Park,D,1,1,10.0,5.0,5.0,2.0,7.0,2.0,1,2,0,0,1.95,3.6,3.6,1.73,2.01
Albion Rvs,Peterhead,A,0,4,6.0,18.0,1.0,10.0,0.0,5.0,0,0,0,0,6.0,4.33,1.5,1.55,2.33
Cowdenbeath,Annan Athletic,A,1,2,8.0,5.0,4.0,3.0,8.0,4.0,2,2,0,0,2.62,3.5,2.5,1.85,1.89
Elgin,Edinburgh City,H,1,0,8.0,14.0,3.0,4.0,1.0,5.0,2,4,0,0,2.3,3.5,2.9,1.73,2.02
Queens Park,Berwick,H,1,0,14.0,14.0,4.0,5.0,5.0,8.0,3,0,0,0,1.75,3.8,4.33,1.73,2.02
Stirling,Clyde,A,0,3,3.0,4.0,2.0,1.0,3.0,4.0,3,2,0,0,2.8,3.6,2.3,1.67,2.1
Albion Rvs,Elgin,A,0,1,8.0,17.0,3.0,9.0,6.0,9.0,2,1,0,0,5.0,4.0,1.61,1.65,2.13
Annan Athletic,Queens Park,H,3,1,4.0,7.0,3.0,2.0,4.0,2.0,3,2,0,0,2.6,3.25,2.7,1.78,1.96
Cowdenbeath,Berwick,H,4,0,11.0,8.0,5.0,2.0,4.0,2.0,3,1,1,1,2.1,3.4,3.4,1.94,1.79
Edinburgh City,Stirling,H,3,1,13.0,6.0,7.0,3.0,9.0,1.0,2,1,0,0,2.14,3.5,3.2,1.72,2.01
Peterhead,Clyde,H,1,0,15.0,5.0,5.0,1.0,4.0,3.0,2,1,0,0,2.1,3.5,3.3,1.65,2.12
Berwick,Annan Athletic,A,0,3,6.0,9.0,3.0,5.0,7.0,3.0,2,0,0,0,3.25,3.6,2.1,1.86,1.86
Clyde,Edinburgh City,A,0,2,8.0,14.0,1.0,7.0,7.0,6.0,2,1,0,0,1.7,3.75,4.75,1.88,1.84
Queens Park,Albion Rvs,H,2,0,15.0,3.0,5.0,0.0,10.0,1.0,1,2,0,1,1.36,5.0,7.5,1.65,2.12
Stirling,Peterhead,A,0,2,10.0,18.0,3.0,9.0,11.0,13.0,2,2,0,0,3.8,3.8,1.85,1.7,2.06
Albion Rvs,Berwick,A,3,5,12.0,12.0,6.0,7.0,7.0,3.0,1,1,0,0,2.7,3.4,2.5,1.77,1.97
Annan Athletic,Clyde,A,1,2,10.0,22.0,5.0,6.0,3.0,3.0,2,2,0,0,2.75,3.5,2.4,1.67,2.08
Elgin,Stirling,A,0,3,5.0,13.0,1.0,10.0,10.0,6.0,1,0,0,0,1.95,3.75,3.5,1.6,2.21
Peterhead,Edinburgh City,A,0,1,8.0,7.0,4.0,2.0,5.0,9.0,5,3,0,0,1.66,4.0,4.75,1.62,2.18
Queens Park,Cowdenbeath,D,0,0,13.0,4.0,7.0,2.0,10.0,1.0,1,1,0,0,1.75,3.8,4.33,1.74,1.98
Berwick,Elgin,A,0,3,6.0,4.0,1.0,3.0,1.0,5.0,2,2,0,0,3.25,3.6,2.1,1.93,1.79
Clyde,Albion Rvs,H,1,0,21.0,2.0,8.0,0.0,7.0,0.0,0,4,0,0,1.25,5.75,12.0,1.55,2.3
Cowdenbeath,Peterhead,A,2,4,3.0,9.0,2.0,7.0,2.0,5.0,4,2,0,0,7.0,4.0,1.5,1.66,2.11
Edinburgh City,Annan Athletic,H,2,1,10.0,2.0,6.0,1.0,9.0,2.0,4,1,0,0,2.14,3.5,3.25,1.75,1.98
Stirling,Queens Park,H,1,0,10.0,6.0,2.0,1.0,9.0,2.0,2,2,0,0,2.8,3.4,2.4,1.7,2.06
Clyde,Elgin,H,4,1,25.0,13.0,9.0,5.0,11.0,6.0,1,0,0,1,1.72,3.8,4.5,1.73,2.0
Cowdenbeath,Albion Rvs,D,1,1,10.0,10.0,4.0,4.0,8.0,7.0,1,2,0,0,1.61,3.75,5.5,1.75,1.98
Peterhead,Berwick,H,1,0,16.0,4.0,3.0,2.0,6.0,1.0,2,0,0,0,1.22,5.5,13.0,1.48,2.51
Queens Park,Edinburgh City,A,0,2,7.0,10.0,0.0,5.0,4.0,4.0,5,1,0,0,2.45,3.3,2.87,2.01,1.73
Stirling,Annan Athletic,A,1,2,10.0,14.0,4.0,7.0,10.0,5.0,0,2,0,0,2.04,3.5,3.4,1.7,2.04
Albion Rvs,Stirling,H,3,0,3.0,8.0,3.0,3.0,7.0,10.0,2,1,0,0,4.33,3.75,1.8,1.57,2.28
Annan Athletic,Peterhead,A,1,3,8.0,15.0,1.0,8.0,6.0,3.0,1,1,0,0,4.0,3.8,1.8,1.66,2.12
Berwick,Clyde,A,2,3,5.0,15.0,2.0,8.0,2.0,6.0,0,1,0,0,4.33,4.2,1.66,1.61,2.21
Edinburgh City,Cowdenbeath,H,1,0,19.0,4.0,10.0,1.0,8.0,3.0,1,4,0,0,1.5,4.0,7.0,1.78,1.95
Elgin,Queens Park,H,2,1,12.0,12.0,4.0,4.0,5.0,2.0,1,1,0,0,2.25,3.5,3.0,1.81,1.92
Annan Athletic,Albion Rvs,H,3,1,19.0,11.0,5.0,5.0,7.0,8.0,1,1,0,0,1.44,4.33,7.0,1.56,2.29
Cowdenbeath,Stirling,H,1,0,4.0,14.0,1.0,3.0,2.0,10.0,0,1,1,0,2.62,3.3,2.6,1.94,1.79
Edinburgh City,Berwick,H,3,0,11.0,2.0,6.0,0.0,1.0,1.0,0,2,0,0,1.3,5.0,10.0,1.7,2.05
Peterhead,Elgin,H,3,0,19.0,2.0,12.0,0.0,2.0,1.0,2,1,0,0,1.5,4.33,6.0,1.56,2.3
Queens Park,Clyde,H,1,0,11.0,8.0,1.0,3.0,2.0,3.0,0,3,0,0,3.5,3.4,2.04,1.85,1.86
Elgin,Cowdenbeath,H,3,1,12.0,6.0,8.0,2.0,4.0,4.0,0,1,0,1,1.95,3.5,3.8,1.9,1.82
Albion Rvs,Queens Park,A,0,3,8.0,7.0,3.0,4.0,11.0,1.0,1,1,1,0,4.75,4.0,1.66,1.7,2.06
Berwick,Cowdenbeath,A,0,3,2.0,9.0,1.0,3.0,4.0,2.0,0,5,3,0,2.3,3.5,2.87,1.9,1.83
Clyde,Peterhead,A,1,3,10.0,6.0,4.0,3.0,7.0,0.0,2,1,1,1,2.7,3.4,2.5,1.74,2.0
Elgin,Annan Athletic,A,0,1,14.0,11.0,4.0,3.0,6.0,2.0,1,1,0,0,2.37,3.6,2.75,1.66,2.11
Stirling,Edinburgh City,A,0,1,8.0,12.0,2.0,6.0,4.0,6.0,3,1,0,0,4.0,3.5,1.9,1.9,1.83
Cowdenbeath,Elgin,A,1,2,9.0,14.0,5.0,7.0,3.0,7.0,3,2,0,0,2.8,3.6,2.3,1.83,1.89
Edinburgh City,Clyde,A,0,1,8.0,8.0,2.0,2.0,9.0,3.0,3,1,0,0,2.37,3.5,2.8,1.84,1.88
Peterhead,Albion Rvs,H,2,1,16.0,12.0,9.0,8.0,6.0,5.0,1,0,0,0,1.14,8.5,13.0,1.45,2.56
Queens Park,Annan Athletic,D,0,0,10.0,8.0,3.0,2.0,4.0,1.0,0,3,0,0,2.4,3.4,2.8,1.84,1.89
Stirling,Berwick,H,3,0,17.0,7.0,12.0,3.0,8.0,1.0,1,0,0,0,1.66,4.0,4.75,1.72,2.03
Albion Rvs,Edinburgh City,A,1,2,5.0,10.0,3.0,7.0,4.0,2.0,2,2,0,0,9.0,5.5,1.3,1.64,2.13
Annan Athletic,Cowdenbeath,A,0,2,9.0,7.0,4.0,4.0,7.0,2.0,2,4,0,0,1.72,3.75,4.5,1.73,2.0
Clyde,Stirling,D,1,1,15.0,12.0,7.0,5.0,7.0,2.0,1,3,0,0,1.66,3.75,5.0,1.82,1.91
Elgin,Berwick,A,2,4,19.0,6.0,6.0,4.0,9.0,3.0,1,1,0,0,1.4,4.75,7.0,1.67,2.09
Queens Park,Peterhead,H,2,0,5.0,10.0,4.0,5.0,6.0,7.0,2,2,1,0,4.33,3.6,1.8,1.8,1.93
Annan Athletic,Stirling,D,2,2,12.0,8.0,5.0,3.0,4.0,2.0,2,4,0,0,2.2,3.4,3.2,1.67,2.1
Berwick,Albion Rvs,H,2,0,10.0,9.0,6.0,5.0,5.0,9.0,0,1,0,0,2.2,3.5,3.1,1.74,1.99
Elgin,Clyde,A,1,3,7.0,15.0,2.0,8.0,2.0,3.0,3,2,1,0,3.2,3.4,2.2,1.77,1.96
Cowdenbeath,Queens Park,H,2,0,10.0,14.0,4.0,1.0,4.0,2.0,1,2,0,0,3.4,3.25,2.14,2.2,1.62
Albion Rvs,Cowdenbeath,D,1,1,5.0,10.0,1.0,4.0,4.0,10.0,2,1,0,1,4.0,3.3,1.95,1.82,1.92
Clyde,Berwick,D,3,3,29.0,12.0,10.0,6.0,9.0,3.0,1,2,0,0,1.33,5.0,9.0,1.62,2.19
Edinburgh City,Queens Park,H,2,0,10.0,6.0,4.0,4.0,5.0,7.0,1,2,0,1,1.72,3.6,4.75,2.2,1.62
Peterhead,Annan Athletic,H,2,1,13.0,15.0,7.0,7.0,0.0,6.0,3,2,0,0,1.5,4.0,7.0,1.65,2.14
Stirling,Elgin,H,5,2,12.0,12.0,6.0,4.0,5.0,9.0,2,0,0,1,2.25,3.5,3.0,1.73,2.02
Annan Athletic,Edinburgh City,A,1,2,16.0,9.0,8.0,4.0,8.0,5.0,1,3,0,0,3.2,3.6,2.1,1.88,1.85
Berwick,Peterhead,A,0,5,5.0,19.0,1.0,11.0,5.0,2.0,1,0,0,0,8.0,4.75,1.36,1.57,2.29
Cowdenbeath,Clyde,D,1,1,5.0,10.0,2.0,7.0,2.0,5.0,2,1,0,0,4.0,4.2,1.72,1.79,1.94
Elgin,Albion Rvs,H,4,2,19.0,9.0,10.0,5.0,5.0,8.0,2,1,0,0,1.5,4.5,5.75,1.58,2.26
Queens Park,Stirling,D,1,1,12.0,4.0,4.0,1.0,5.0,1.0,2,0,1,0,2.4,3.4,2.8,1.79,1.94
Edinburgh City,Peterhead,D,1,1,6.0,9.0,1.0,4.0,4.0,5.0,2,2,1,0,2.9,3.4,2.35,1.76,1.99
Clyde,Annan Athletic,H,1,0,14.0,8.0,6.0,4.0,6.0,5.0,1,2,0,0,1.61,4.0,5.0,1.64,2.16
Edinburgh City,Elgin,H,4,1,17.0,8.0,8.0,3.0,5.0,2.0,1,2,0,0,1.7,4.0,4.5,1.91,1.83
Albion Rvs,Clyde,A,0,3,4.0,14.0,2.0,7.0,2.0,3.0,1,0,0,0,7.5,4.5,1.4,1.54,2.35
Annan Athletic,Berwick,H,4,0,19.0,7.0,7.0,2.0,5.0,4.0,2,3,0,0,1.44,4.5,6.5,1.48,2.5
Cowdenbeath,Edinburgh City,A,0,2,6.0,10.0,0.0,4.0,3.0,2.0,1,2,1,0,5.0,3.6,1.7,2.05,1.71
Peterhead,Stirling,H,4,1,18.0,13.0,13.0,4.0,8.0,3.0,3,1,0,0,1.44,4.5,6.5,1.54,2.33
Queens Park,Elgin,A,0,4,10.0,8.0,0.0,5.0,5.0,0.0,2,4,0,0,2.35,3.25,3.0,1.78,1.97
Albion Rvs,Annan Athletic,D,1,1,5.0,10.0,3.0,4.0,4.0,11.0,3,1,0,0,4.33,4.2,1.66,1.57,2.28
Berwick,Edinburgh City,D,2,2,7.0,21.0,5.0,9.0,0.0,11.0,1,3,0,0,7.0,4.75,1.4,1.66,2.11
Clyde,Queens Park,H,2,0,13.0,9.0,4.0,3.0,4.0,8.0,2,2,0,0,1.6,4.2,5.25,1.82,1.91
Elgin,Peterhead,A,0,3,9.0,15.0,2.0,4.0,3.0,6.0,1,1,1,0,4.33,3.75,1.75,1.52,2.39
Stirling,Cowdenbeath,H,2,1,8.0,7.0,4.0,4.0,6.0,5.0,0,3,0,1,1.95,3.8,3.5,1.79,1.94
Annan Athletic,Elgin,H,2,0,12.0,6.0,5.0,5.0,9.0,2.0,1,2,0,1,2.0,3.6,3.5,1.58,2.27
Cowdenbeath,Berwick,H,2,0,15.0,5.0,4.0,3.0,1.0,3.0,2,1,0,1,1.65,4.0,4.75,1.71,2.05
Edinburgh City,Stirling,A,0,1,3.0,3.0,3.0,1.0,4.0,2.0,3,2,0,0,1.5,4.33,6.0,1.67,2.1
Peterhead,Clyde,A,1,2,8.0,14.0,3.0,6.0,3.0,4.0,1,1,0,0,1.61,4.2,4.75,1.68,2.09
Queens Park,Albion Rvs,D,2,2,14.0,9.0,4.0,4.0,11.0,6.0,0,1,0,0,1.53,4.33,5.75,1.78,1.95
Albion Rvs,Peterhead,A,0,2,4.0,8.0,1.0,5.0,5.0,5.0,1,0,0,0,8.5,5.5,1.3,1.43,2.63
Berwick,Clyde,A,0,3,4.0,26.0,0.0,10.0,4.0,4.0,3,2,0,0,8.0,4.75,1.36,1.55,2.32
Elgin,Cowdenbeath,A,1,4,21.0,11.0,4.0,6.0,8.0,4.0,0,3,0,0,2.3,3.5,2.87,1.68,2.08
Queens Park,Edinburgh City,A,0,4,4.0,4.0,3.0,4.0,3.0,5.0,5,2,0,0,3.5,3.4,2.05,2.02,1.72
Stirling,Annan Athletic,H,2,1,6.0,11.0,2.0,4.0,3.0,4.0,1,1,1,0,2.15,3.3,3.4,1.72,2.03
Edinburgh City,Annan Athletic,A,1,2,11.0,15.0,4.0,6.0,5.0,9.0,2,1,0,0,1.66,3.6,5.25,1.8,1.93
Peterhead,Berwick,H,2,0,23.0,5.0,8.0,3.0,8.0,1.0,2,3,0,0,1.14,8.0,15.0,1.37,2.87
Stirling,Queens Park,D,1,1,10.0,20.0,3.0,10.0,4.0,12.0,1,1,0,0,1.9,3.4,4.0,1.89,1.85
Albion Rvs,Stirling,A,0,5,3.0,14.0,1.0,9.0,1.0,7.0,1,1,1,0,5.5,3.8,1.61,1.66,2.11
Annan Athletic,Peterhead,H,3,0,12.0,6.0,8.0,3.0,5.0,6.0,2,3,0,0,4.0,3.6,1.85,1.67,2.09
Clyde,Cowdenbeath,H,1,0,16.0,5.0,5.0,1.0,5.0,4.0,0,4,0,0,1.45,4.33,7.0,1.66,2.12
Elgin,Edinburgh City,D,3,3,15.0,12.0,5.0,8.0,4.0,6.0,0,1,0,0,4.5,3.75,1.75,1.62,2.17
Queens Park,Berwick,H,7,1,21.0,3.0,13.0,3.0,9.0,1.0,0,2,0,1,1.57,4.0,5.5,1.68,2.08
Edinburgh City,Albion Rvs,H,3,1,9.0,7.0,3.0,2.0,4.0,4.0,0,1,0,0,1.18,7.0,13.0,1.5,2.42
Albion Rvs,Elgin,A,0,3,8.0,12.0,5.0,7.0,4.0,3.0,0,2,0,0,6.0,4.33,1.5,1.48,2.49
Annan Athletic,Clyde,D,1,1,13.0,6.0,9.0,2.0,1.0,4.0,2,1,0,0,3.0,3.75,2.15,1.8,1.93
Berwick,Stirling,A,1,2,5.0,16.0,2.0,7.0,0.0,8.0,3,2,0,0,7.0,4.33,1.45,1.51,2.4
Peterhead,Edinburgh City,D,0,0,9.0,3.0,0.0,1.0,2.0,5.0,2,1,0,0,1.85,3.8,3.75,1.88,1.86
Queens Park,Cowdenbeath,D,1,1,10.0,3.0,7.0,2.0,3.0,0.0,0,3,0,0,2.05,3.6,3.3,2.02,1.73
Stirling,Albion Rvs,H,1,0,9.0,6.0,4.0,3.0,9.0,2.0,2,1,0,0,1.33,5.0,8.5,1.51,2.42
Clyde,Albion Rvs,H,1,0,18.0,11.0,7.0,5.0,6.0,7.0,2,0,0,0,1.25,6.0,10.0,1.43,2.63
Cowdenbeath,Annan Athletic,A,2,4,7.0,19.0,3.0,9.0,0.0,11.0,1,4,1,0,3.3,3.4,2.15,1.92,1.81
Elgin,Stirling,H,3,2,11.0,6.0,6.0,4.0,6.0,6.0,2,1,0,0,2.37,3.5,2.8,1.58,2.25
Peterhead,Queens Park,H,2,1,11.0,9.0,5.0,4.0,6.0,8.0,2,2,0,0,1.5,4.33,6.0,1.8,1.92
Cowdenbeath,Albion Rvs,H,1,0,9.0,4.0,1.0,0.0,5.0,4.0,2,1,0,0,1.61,4.0,5.0,1.75,1.98
Annan Athletic,Albion Rvs,H,4,0,14.0,9.0,9.0,2.0,7.0,3.0,2,1,0,0,1.33,5.0,9.0,1.48,2.48
Berwick,Elgin,A,0,3,12.0,19.0,4.0,10.0,5.0,6.0,2,0,0,0,5.75,4.2,1.53,1.46,2.56
Edinburgh City,Cowdenbeath,H,2,0,7.0,8.0,5.0,3.0,7.0,3.0,2,3,0,1,1.5,4.0,7.0,1.83,1.9
Queens Park,Clyde,D,1,1,10.0,15.0,5.0,7.0,3.0,6.0,0,0,0,0,3.75,3.6,1.9,1.8,1.93
Stirling,Peterhead,A,0,1,5.0,9.0,3.0,6.0,6.0,7.0,0,4,0,0,3.6,3.8,1.9,1.63,2.17
Berwick,Annan Athletic,A,1,2,4.0,12.0,3.0,4.0,4.0,10.0,3,3,0,0,12.0,6.0,1.22,1.53,2.37
Elgin,Queens Park,D,2,2,9.0,19.0,6.0,8.0,4.0,4.0,3,2,0,0,2.37,3.6,2.7,1.66,2.12
Peterhead,Cowdenbeath,H,1,0,26.0,6.0,8.0,1.0,11.0,2.0,1,2,0,0,1.33,5.0,8.5,1.66,2.12
Stirling,Clyde,A,0,1,11.0,14.0,5.0,6.0,3.0,3.0,2,3,0,0,3.6,3.6,1.95,1.67,2.11
Albion Rvs,Berwick,D,1,1,12.0,7.0,8.0,3.0,6.0,11.0,3,1,0,0,2.45,3.5,2.7,1.76,1.98
Annan Athletic,Queens Park,H,2,1,2.0,5.0,2.0,3.0,7.0,5.0,1,2,0,0,1.75,3.75,4.33,1.76,1.99
Clyde,Edinburgh City,H,1,0,10.0,11.0,3.0,4.0,1.0,5.0,0,2,1,0,2.6,3.3,2.62,1.98,1.76
Cowdenbeath,Stirling,A,1,2,8.0,4.0,4.0,3.0,5.0,2.0,0,1,0,1,3.25,3.4,2.15,1.9,1.84
Peterhead,Elgin,H,1,0,12.0,7.0,8.0,2.0,9.0,5.0,2,2,0,0,1.44,4.33,7.0,1.52,2.41
Cowdenbeath,Peterhead,A,1,3,5.0,13.0,2.0,5.0,1.0,5.0,3,0,0,0,7.0,4.75,1.4,1.75,2.0
Edinburgh City,Berwick,H,1,0,7.0,3.0,2.0,2.0,6.0,2.0,1,2,0,0,1.14,8.0,15.0,1.49,2.47
Berwick,Cowdenbeath,D,1,1,4.0,7.0,1.0,2.0,2.0,4.0,3,2,1,0,4.5,3.75,1.72,1.66,2.11
Edinburgh City,Queens Park,H,2,0,5.0,5.0,2.0,1.0,2.0,4.0,2,4,0,1,1.5,4.0,6.5,1.95,1.79
Elgin,Clyde,H,2,1,20.0,13.0,9.0,4.0,5.0,2.0,1,0,0,0,0.0,3.8,1.8,1.6,2.21
Peterhead,Annan Athletic,H,2,1,10.0,8.0,4.0,3.0,6.0,3.0,1,0,0,0,1.7,3.6,5.0,1.73,2.02
Stirling,Albion Rvs,A,0,1,13.0,12.0,3.0,4.0,9.0,4.0,1,0,0,0,1.22,6.0,12.0,1.52,2.39
Berwick,Queens Park,A,1,2,6.0,12.0,2.0,3.0,1.0,8.0,0,1,0,0,8.0,4.5,1.4,1.58,2.27
Annan Athletic,Edinburgh City,H,3,1,8.0,6.0,4.0,5.0,2.0,5.0,1,2,0,0,3.0,3.3,2.37,2.09,1.69
Clyde,Stirling,H,3,1,14.0,11.0,10.0,5.0,9.0,4.0,1,2,0,0,1.66,4.0,4.75,1.75,1.98
Queens Park,Elgin,H,4,1,19.0,7.0,7.0,2.0,6.0,3.0,0,2,0,0,2.2,3.5,3.1,1.66,2.12
Berwick,Peterhead,H,2,0,11.0,11.0,6.0,5.0,1.0,9.0,1,3,0,0,13.0,6.5,1.2,1.52,2.41
Clyde,Elgin,H,2,0,17.0,8.0,8.0,4.0,10.0,2.0,1,1,0,0,1.5,4.33,6.0,1.57,2.3
Clyde,Annan Athletic,H,2,1,14.0,10.0,7.0,3.0,2.0,4.0,0,3,1,0,2.0,4.0,3.2,1.87,1.88
Cowdenbeath,Queens Park,D,0,0,7.0,14.0,4.0,5.0,0.0,7.0,1,1,0,0,2.7,3.8,2.3,2.12,1.67
Edinburgh City,Peterhead,D,0,0,11.0,16.0,3.0,6.0,2.0,6.0,0,5,0,0,2.62,3.8,2.37,2.06,1.71
Elgin,Albion Rvs,A,0,2,14.0,11.0,4.0,4.0,8.0,4.0,1,1,0,0,1.5,4.8,5.25,1.52,2.41
Stirling,Berwick,H,1,0,15.0,4.0,4.0,1.0,8.0,4.0,2,2,0,0,1.5,4.33,6.0,1.67,2.11
Albion Rvs,Cowdenbeath,H,1,0,8.0,5.0,4.0,3.0,7.0,5.0,1,1,0,0,2.9,3.75,2.2,1.77,1.99
Albion Rvs,Clyde,A,0,1,4.0,6.0,0.0,4.0,2.0,6.0,3,3,0,0,8.5,5.5,1.3,1.6,2.24
Berwick,Edinburgh City,A,0,2,4.0,16.0,0.0,8.0,2.0,6.0,3,1,0,0,10.0,6.0,1.25,1.63,2.18
Elgin,Annan Athletic,A,0,1,9.0,10.0,1.0,4.0,6.0,7.0,1,1,0,0,3.5,3.8,1.95,1.53,2.39
Peterhead,Cowdenbeath,H,2,1,15.0,10.0,5.0,5.0,4.0,5.0,0,2,0,0,1.33,5.0,9.0,1.76,1.99
Queens Park,Stirling,D,0,0,8.0,8.0,3.0,2.0,9.0,4.0,1,1,0,0,2.25,3.6,2.9,1.88,1.87
Albion Rvs,Queens Park,A,0,4,1.0,10.0,0.0,6.0,3.0,5.0,1,2,0,0,4.33,3.5,1.83,1.82,1.93
Annan Athletic,Berwick,H,6,0,18.0,7.0,11.0,2.0,9.0,1.0,4,4,0,0,1.22,6.0,12.0,1.49,2.47
Clyde,Peterhead,D,3,3,10.0,9.0,5.0,5.0,8.0,1.0,2,1,0,0,2.7,3.4,2.5,2.08,1.7
Cowdenbeath,Edinburgh City,H,4,1,7.0,8.0,4.0,1.0,0.0,4.0,1,0,0,0,6.0,3.8,1.57,2.17,1.64
Stirling,Elgin,H,2,1,10.0,16.0,5.0,5.0,5.0,1.0,1,1,0,0,2.2,3.3,3.25,1.7,2.07
Annan Athletic,Stirling,D,2,2,17.0,6.0,9.0,4.0,8.0,5.0,5,3,0,0,1.72,3.6,4.75,1.67,2.11
Berwick,Queens Park,A,0,3,5.0,12.0,4.0,8.0,2.0,5.0,0,1,0,0,5.25,4.33,1.55,1.61,2.21
Cowdenbeath,Elgin,H,2,1,9.0,11.0,3.0,5.0,3.0,3.0,1,2,0,0,2.62,3.6,2.45,1.73,2.04
Edinburgh City,Clyde,A,1,2,7.0,15.0,3.0,7.0,7.0,3.0,4,1,0,0,2.25,3.4,3.1,2.09,1.69
Peterhead,Albion Rvs,D,1,1,10.0,5.0,4.0,3.0,6.0,1.0,2,1,0,0,1.22,6.0,12.0,1.52,2.39
Albion Rvs,Edinburgh City,H,3,2,4.0,11.0,4.0,2.0,2.0,4.0,4,1,0,0,6.0,4.0,1.55,1.76,1.98
Clyde,Berwick,H,5,0,20.0,4.0,9.0,1.0,5.0,2.0,1,1,0,0,1.14,8.0,15.0,1.42,2.71
Elgin,Peterhead,A,1,2,11.0,14.0,5.0,6.0,0.0,11.0,2,2,0,1,6.5,4.5,1.44,1.54,2.36
Queens Park,Annan Athletic,A,0,3,6.0,6.0,2.0,5.0,4.0,6.0,4,2,0,0,2.9,3.4,2.37,1.87,1.88
Stirling,Cowdenbeath,A,0,1,7.0,7.0,2.0,3.0,12.0,3.0,2,1,1,0,2.0,3.6,3.5,1.95,1.8
Annan Athletic,Cowdenbeath,H,3,2,17.0,14.0,8.0,4.0,7.0,7.0,0,1,0,0,1.72,3.5,4.33,1.65,2.15
Berwick,Albion Rvs,A,0,3,8.0,15.0,6.0,7.0,5.0,5.0,3,2,0,0,2.8,3.5,2.2,1.62,2.19
Clyde,Queens Park,H,3,0,12.0,8.0,4.0,4.0,4.0,5.0,0,3,0,0,1.44,4.0,6.5,1.62,2.18
Edinburgh City,Elgin,D,1,1,14.0,12.0,4.0,6.0,5.0,4.0,0,1,0,0,2.0,3.5,3.25,1.63,2.19
Peterhead,Stirling,D,1,1,19.0,2.0,7.0,2.0,5.0,6.0,1,4,0,0,1.33,4.5,8.0,1.66,2.13
Albion Rvs,Annan Athletic,A,0,2,12.0,12.0,3.0,8.0,7.0,3.0,0,1,0,0,3.6,3.5,1.9,1.62,2.19
Cowdenbeath,Clyde,H,2,1,4.0,9.0,2.0,2.0,4.0,6.0,4,1,0,0,6.5,4.5,1.4,1.63,2.17
Elgin,Berwick,H,2,0,13.0,5.0,8.0,1.0,14.0,3.0,2,2,0,0,1.36,4.75,6.75,1.53,2.38
Queens Park,Peterhead,A,0,2,4.0,8.0,1.0,5.0,3.0,10.0,2,1,0,0,6.5,4.5,1.4,1.66,2.12
Stirling,Edinburgh City,D,0,0,10.0,8.0,3.0,2.0,6.0,5.0,1,3,0,0,3.0,3.5,2.15,1.77,1.96
Brechin,Annan Athletic,A,0,1,7.0,10.0,3.0,4.0,5.0,5.0,4,1,0,0,2.4,3.5,2.75,1.72,2.07
Cove Rangers,Edinburgh City,H,5,0,24.0,3.0,11.0,1.0,11.0,2.0,1,3,0,2,2.15,3.5,3.2,1.85,1.95
Elgin,Cowdenbeath,H,3,0,10.0,5.0,5.0,0.0,7.0,5.0,2,3,0,1,2.0,3.6,3.5,1.7,2.1
Stenhousemuir,Albion Rvs,A,2,3,15.0,10.0,6.0,5.0,4.0,1.0,2,4,0,0,1.7,3.6,5.0,1.7,2.1
Stirling,Queens Park,A,0,1,3.0,10.0,1.0,3.0,3.0,4.0,3,2,1,0,2.15,3.5,3.2,2.0,1.8
Albion Rvs,Cove Rangers,D,4,4,9.0,10.0,5.0,6.0,1.0,5.0,1,1,0,0,4.75,3.6,1.65,1.6,2.3
Annan Athletic,Elgin,D,1,1,13.0,6.0,6.0,3.0,5.0,0.0,2,2,0,0,1.7,3.75,4.2,1.61,2.25
Cowdenbeath,Stirling,H,1,0,6.0,2.0,2.0,1.0,5.0,8.0,3,0,0,1,2.6,3.5,2.5,1.9,1.9
Edinburgh City,Brechin,H,2,1,17.0,12.0,8.0,5.0,8.0,2.0,2,2,0,0,1.85,3.6,3.6,1.75,2.05
Queens Park,Stenhousemuir,D,1,1,17.0,6.0,4.0,1.0,7.0,4.0,3,4,0,0,2.2,3.5,2.87,1.8,2.0
Annan Athletic,Albion Rvs,H,3,2,6.0,4.0,4.0,2.0,2.0,2.0,2,1,0,0,1.65,3.75,4.5,1.7,2.1
Brechin,Queens Park,A,0,3,7.0,15.0,2.0,8.0,3.0,10.0,2,1,0,0,2.8,3.4,2.3,1.85,1.95
Cove Rangers,Cowdenbeath,H,3,2,16.0,9.0,7.0,4.0,4.0,3.0,3,2,0,0,1.5,4.5,5.5,1.6,2.3
Edinburgh City,Stirling,H,1,0,11.0,9.0,4.0,3.0,7.0,6.0,2,2,0,0,1.6,3.6,5.5,1.6,2.3
Elgin,Stenhousemuir,A,0,1,6.0,13.0,0.0,4.0,2.0,7.0,2,3,0,0,2.2,3.4,2.8,1.6,2.3
Albion Rvs,Brechin,A,0,1,21.0,7.0,5.0,2.0,6.0,4.0,0,1,0,0,2.15,3.8,2.7,1.57,2.35
Cowdenbeath,Annan Athletic,H,3,1,9.0,9.0,7.0,4.0,3.0,9.0,1,2,0,0,2.6,3.75,2.2,1.65,2.2
Queens Park,Elgin,D,0,0,11.0,6.0,2.0,3.0,8.0,3.0,1,1,0,0,2.0,3.75,2.8,1.61,2.25
Stenhousemuir,Edinburgh City,A,1,3,4.0,14.0,1.0,10.0,2.0,7.0,1,1,0,0,2.7,3.6,2.25,1.65,2.2
Stirling,Cove Rangers,A,1,2,8.0,12.0,3.0,4.0,4.0,4.0,1,0,0,0,4.75,4.0,1.57,1.72,2.07
Albion Rvs,Stirling,H,2,1,14.0,8.0,5.0,2.0,7.0,4.0,2,2,1,2,2.5,3.5,2.62,1.8,2.0
Annan Athletic,Stenhousemuir,D,1,1,9.0,12.0,4.0,4.0,9.0,5.0,2,2,0,0,2.1,3.6,3.2,1.65,2.2
Cove Rangers,Queens Park,H,3,0,11.0,9.0,5.0,3.0,8.0,5.0,2,1,0,0,1.65,3.8,5.0,1.7,2.1
Cowdenbeath,Brechin,H,2,1,9.0,7.0,4.0,4.0,4.0,5.0,3,2,0,0,2.2,3.5,3.1,1.72,2.07
Elgin,Edinburgh City,D,3,3,18.0,5.0,9.0,4.0,9.0,2.0,3,3,0,0,2.6,3.3,2.62,1.75,2.05
Brechin,Cove Rangers,A,2,4,5.0,23.0,4.0,10.0,1.0,9.0,1,0,0,0,7.0,4.33,1.44,1.65,2.2
Edinburgh City,Annan Athletic,H,4,0,10.0,5.0,5.0,2.0,4.0,3.0,0,0,0,0,1.72,4.2,4.0,1.75,2.05
Queens Park,Albion Rvs,D,1,1,11.0,9.0,3.0,4.0,10.0,2.0,1,4,0,0,1.85,3.9,3.75,1.8,2.0
Stenhousemuir,Cowdenbeath,A,0,3,11.0,13.0,2.0,8.0,3.0,4.0,3,3,0,0,2.2,3.6,3.0,1.8,2.0
Stirling,Elgin,H,1,0,11.0,12.0,6.0,1.0,2.0,3.0,3,1,0,1,2.75,3.6,2.37,1.85,1.95
Albion Rvs,Edinburgh City,A,1,3,3.0,15.0,1.0,7.0,3.0,5.0,2,1,0,0,3.6,3.5,2.0,1.57,2.35
Annan Athletic,Stirling,D,0,0,6.0,9.0,1.0,2.0,4.0,4.0,2,3,0,0,1.75,3.75,4.33,1.75,2.05
Elgin,Cove Rangers,A,0,2,9.0,16.0,1.0,6.0,1.0,4.0,1,2,0,0,5.0,4.0,1.61,1.44,2.7
Queens Park,Cowdenbeath,A,0,3,11.0,5.0,4.0,4.0,7.0,3.0,1,5,0,0,1.85,3.5,4.0,1.85,1.95
Stenhousemuir,Brechin,H,1,0,11.0,7.0,5.0,2.0,5.0,5.0,1,5,0,1,1.9,3.4,4.0,1.85,1.95
Brechin,Elgin,H,2,1,16.0,20.0,6.0,6.0,4.0,6.0,4,1,0,0,3.2,3.6,2.1,1.75,2.05
Cove Rangers,Annan Athletic,H,3,0,25.0,4.0,8.0,0.0,5.0,3.0,0,2,0,0,1.36,5.0,7.5,1.57,2.35
Cowdenbeath,Albion Rvs,H,1,0,6.0,4.0,3.0,3.0,7.0,8.0,2,2,0,0,2.1,3.5,3.3,1.7,2.1
Edinburgh City,Queens Park,H,2,1,10.0,4.0,4.0,2.0,3.0,3.0,4,2,0,0,1.8,3.75,4.2,1.72,2.07
Stirling,Stenhousemuir,D,1,1,12.0,11.0,8.0,4.0,3.0,7.0,1,1,0,0,2.3,3.4,3.0,1.95,1.85
Albion Rvs,Elgin,A,1,3,10.0,16.0,1.0,7.0,10.0,9.0,1,2,0,0,2.62,3.6,2.45,1.61,2.25
Brechin,Stirling,D,1,1,6.0,15.0,2.0,4.0,0.0,7.0,1,0,0,0,2.8,3.6,2.3,1.95,1.85
Cowdenbeath,Edinburgh City,H,1,0,8.0,10.0,3.0,3.0,3.0,5.0,2,1,0,1,3.1,3.5,2.2,1.8,2.0
Queens Park,Annan Athletic,A,1,2,16.0,5.0,5.0,4.0,9.0,7.0,1,2,0,0,2.3,3.5,2.87,1.85,1.95
Stenhousemuir,Cove Rangers,H,3,2,8.0,18.0,5.0,5.0,1.0,8.0,2,2,0,0,7.5,5.0,1.36,1.44,2.7
Elgin,Queens Park,H,3,1,15.0,7.0,10.0,5.0,4.0,4.0,2,3,0,0,2.3,3.6,2.8,1.85,1.95
Cove Rangers,Albion Rvs,H,3,0,26.0,8.0,13.0,1.0,14.0,2.0,1,0,0,0,1.14,7.0,15.0,1.33,3.4
Edinburgh City,Stenhousemuir,H,4,0,14.0,5.0,7.0,2.0,7.0,5.0,2,1,0,1,1.8,3.5,4.0,1.72,2.07
Stirling,Cowdenbeath,D,0,0,10.0,9.0,5.0,2.0,13.0,2.0,0,0,0,0,2.5,3.4,2.7,2.05,1.75
Brechin,Edinburgh City,A,2,3,5.0,18.0,3.0,7.0,2.0,2.0,2,0,0,0,4.0,3.8,1.8,1.7,2.1
Cowdenbeath,Cove Rangers,A,1,3,3.0,12.0,2.0,6.0,2.0,9.0,2,2,0,0,5.25,4.33,1.55,1.7,2.1
Elgin,Annan Athletic,H,4,0,23.0,8.0,10.0,3.0,12.0,5.0,0,4,0,1,2.1,3.5,3.3,1.85,1.95
Stenhousemuir,Queens Park,A,0,3,3.0,9.0,0.0,5.0,3.0,8.0,2,1,0,0,2.0,3.5,3.6,1.85,1.95
Stirling,Albion Rvs,H,3,0,11.0,9.0,3.0,2.0,6.0,6.0,1,2,0,0,1.85,3.8,3.75,2.0,1.8
Albion Rvs,Stenhousemuir,H,2,1,13.0,6.0,6.0,3.0,4.0,5.0,2,0,0,0,2.45,3.6,2.6,1.65,2.2
Annan Athletic,Cowdenbeath,H,1,0,13.0,9.0,6.0,3.0,6.0,5.0,3,2,0,0,2.45,3.6,2.62,1.85,1.95
Cove Rangers,Stirling,H,1,0,16.0,7.0,8.0,3.0,15.0,2.0,0,2,0,0,1.2,7.0,12.0,1.36,3.1
Edinburgh City,Elgin,D,1,1,5.0,11.0,3.0,5.0,4.0,5.0,3,1,0,0,1.95,3.75,3.5,1.57,2.35
Queens Park,Brechin,H,5,2,17.0,8.0,10.0,5.0,7.0,4.0,2,0,0,0,1.66,3.75,5.0,1.75,2.05
Annan Athletic,Brechin,H,5,2,13.0,10.0,11.0,5.0,4.0,4.0,1,2,1,1,1.57,3.8,6.0,1.57,2.35
Cove Rangers,Brechin,H,3,0,33.0,5.0,16.0,2.0,13.0,1.0,1,4,0,0,1.16,8.0,13.0,1.3,3.5
Cowdenbeath,Queens Park,H,1,0,2.0,4.0,2.0,1.0,3.0,3.0,5,5,1,1,2.45,3.5,2.7,1.85,1.95
Edinburgh City,Albion Rvs,H,3,2,11.0,11.0,6.0,6.0,8.0,2.0,3,3,0,0,1.44,4.33,7.0,1.5,2.5
Stirling,Annan Athletic,H,2,0,8.0,8.0,3.0,6.0,3.0,4.0,0,2,1,0,2.2,3.3,3.3,2.05,1.75
Annan Athletic,Cove Rangers,H,6,1,13.0,7.0,7.0,3.0,2.0,3.0,2,5,0,1,8.5,5.75,1.28,1.44,2.7
Brechin,Stenhousemuir,A,1,2,10.0,18.0,3.0,5.0,8.0,6.0,3,3,0,0,3.3,3.8,2.0,1.53,2.4
Elgin,Stirling,A,1,2,9.0,13.0,3.0,5.0,5.0,3.0,2,2,0,0,1.83,3.75,4.0,1.72,2.07
Queens Park,Edinburgh City,H,2,1,8.0,9.0,3.0,3.0,1.0,7.0,2,1,0,0,2.8,3.4,2.4,1.66,2.15
Stenhousemuir,Elgin,D,2,2,17.0,11.0,5.0,4.0,7.0,7.0,2,1,0,0,3.4,4.0,1.9,1.6,2.3
Albion Rvs,Queens Park,H,2,0,10.0,15.0,6.0,8.0,4.0,8.0,2,2,0,0,3.8,3.5,1.9,1.7,2.1
Cowdenbeath,Elgin,D,0,0,7.0,5.0,1.0,1.0,3.0,2.0,3,3,0,0,2.7,3.4,2.5,1.8,2.0
Edinburgh City,Cove Rangers,H,2,1,8.0,11.0,4.0,4.0,1.0,8.0,1,2,0,0,3.3,4.2,1.9,1.47,2.6
Stenhousemuir,Annan Athletic,A,1,2,14.0,5.0,5.0,4.0,8.0,4.0,3,1,0,0,2.6,3.4,2.6,1.8,2.0
Stirling,Brechin,A,2,4,16.0,10.0,7.0,5.0,10.0,6.0,2,4,0,0,1.53,4.2,5.75,1.7,2.1
Annan Athletic,Edinburgh City,A,0,2,5.0,14.0,2.0,6.0,4.0,5.0,0,1,1,0,2.9,3.6,2.1,1.66,2.15
Brechin,Cowdenbeath,H,2,1,13.0,8.0,5.0,2.0,7.0,3.0,3,3,1,1,3.5,3.6,1.85,1.7,2.1
Cove Rangers,Stenhousemuir,H,2,1,15.0,5.0,4.0,3.0,8.0,1.0,1,2,0,1,1.25,5.25,10.0,1.36,3.1
Elgin,Albion Rvs,D,2,2,14.0,10.0,6.0,3.0,7.0,2.0,1,3,0,0,1.57,3.8,4.5,1.66,2.15
Queens Park,Stirling,D,1,1,10.0,8.0,4.0,4.0,7.0,6.0,2,3,0,1,1.95,3.75,3.2,1.95,1.85
Albion Rvs,Annan Athletic,H,4,2,15.0,17.0,10.0,12.0,5.0,13.0,3,1,0,0,3.3,3.4,2.15,1.53,2.4
Cowdenbeath,Stenhousemuir,H,3,1,15.0,10.0,7.0,5.0,6.0,5.0,2,3,0,0,2.05,3.4,3.5,2.0,1.8
Elgin,Brechin,H,3,1,20.0,9.0,11.0,5.0,3.0,5.0,3,3,0,0,1.45,4.2,6.5,1.47,2.6
Queens Park,Cove Rangers,A,1,3,8.0,12.0,3.0,7.0,3.0,8.0,1,2,0,0,5.0,4.0,1.61,1.5,2.5
Stirling,Edinburgh City,A,0,1,8.0,13.0,0.0,6.0,5.0,12.0,2,2,0,0,3.6,3.6,1.95,1.75,2.05
Annan Athletic,Queens Park,H,3,2,10.0,15.0,7.0,8.0,2.0,5.0,3,1,0,0,2.37,3.4,2.87,1.7,2.1
Brechin,Albion Rvs,D,0,0,17.0,18.0,4.0,4.0,10.0,5.0,1,2,1,0,2.8,3.9,2.2,1.53,2.4
Cove Rangers,Elgin,H,2,0,13.0,7.0,10.0,1.0,6.0,2.0,3,3,0,0,1.33,5.0,8.5,1.44,2.7
Edinburgh City,Cowdenbeath,H,2,0,8.0,3.0,4.0,0.0,6.0,2.0,1,2,0,0,1.61,4.0,5.0,1.8,2.0
Stenhousemuir,Stirling,A,0,2,11.0,9.0,6.0,6.0,11.0,1.0,0,4,0,0,2.4,3.3,2.87,1.72,2.07
Albion Rvs,Stirling,A,0,3,10.0,18.0,1.0,8.0,6.0,3.0,1,1,0,0,2.5,3.5,2.62,1.72,2.07
Brechin,Cove Rangers,A,1,5,8.0,22.0,3.0,12.0,3.0,10.0,2,2,0,0,12.0,8.0,1.16,1.33,3.4
Cowdenbeath,Annan Athletic,H,3,1,12.0,8.0,6.0,3.0,5.0,3.0,2,4,0,1,2.37,3.5,2.8,1.75,2.05
Elgin,Edinburgh City,A,0,1,13.0,8.0,6.0,3.0,3.0,3.0,1,3,0,0,2.6,3.8,2.37,1.65,2.2
Queens Park,Stenhousemuir,H,2,1,7.0,11.0,4.0,3.0,2.0,7.0,5,1,0,0,1.9,3.6,3.75,1.72,2.07
Annan Athletic,Elgin,A,0,4,8.0,12.0,1.0,9.0,2.0,7.0,3,0,0,0,2.55,3.4,2.62,1.6,2.3
Edinburgh City,Queens Park,A,1,2,4.0,5.0,1.0,4.0,4.0,5.0,2,0,0,0,1.6,4.2,5.0,1.85,1.95
Stenhousemuir,Brechin,D,2,2,22.0,8.0,8.0,4.0,13.0,4.0,0,1,0,0,1.83,3.75,4.0,1.65,2.2
Annan Athletic,Stirling,A,2,3,8.0,11.0,5.0,3.0,7.0,4.0,1,2,0,0,2.5,3.5,2.62,1.72,2.07
Cove Rangers,Cowdenbeath,H,3,1,17.0,5.0,11.0,3.0,8.0,0.0,3,6,0,1,1.28,5.25,10.0,1.6,2.3
Elgin,Stenhousemuir,A,2,3,15.0,9.0,4.0,5.0,5.0,3.0,3,2,0,0,1.66,3.8,5.0,1.65,2.2
Cove Rangers,Annan Athletic,H,2,0,14.0,8.0,9.0,4.0,2.0,3.0,2,2,0,0,1.16,7.0,10.0,1.33,3.4
Cowdenbeath,Brechin,H,3,2,8.0,9.0,6.0,3.0,1.0,6.0,0,2,0,0,1.57,4.2,4.5,1.66,2.15
Queens Park,Albion Rvs,D,2,2,14.0,9.0,7.0,5.0,6.0,4.0,1,0,0,1,1.75,3.8,3.75,1.65,2.2
Stenhousemuir,Edinburgh City,A,1,2,5.0,15.0,1.0,12.0,6.0,3.0,1,2,1,0,4.5,4.2,1.66,1.7,2.1
Stirling,Elgin,A,1,2,19.0,11.0,6.0,5.0,11.0,2.0,4,2,0,0,2.37,3.6,2.75,1.8,2.0
Albion Rvs,Cove Rangers,D,2,2,11.0,9.0,3.0,5.0,6.0,2.0,0,2,0,0,8.0,6.0,1.28,1.33,3.4
Annan Athletic,Stenhousemuir,A,0,3,13.0,11.0,2.0,5.0,2.0,7.0,2,0,0,0,2.3,3.75,2.75,1.57,2.35
Brechin,Elgin,A,1,2,4.0,13.0,2.0,4.0,6.0,8.0,2,1,0,0,4.0,3.6,1.85,1.53,2.4
Edinburgh City,Stirling,A,0,1,12.0,7.0,3.0,3.0,7.0,1.0,1,4,0,0,1.6,4.0,5.25,1.95,1.85
Queens Park,Cowdenbeath,H,1,0,7.0,10.0,4.0,3.0,7.0,1.0,2,4,0,0,2.05,3.5,3.4,2.0,1.8
Albion Rvs,Brechin,H,4,1,13.0,9.0,8.0,3.0,7.0,9.0,2,5,0,0,1.85,4.0,3.6,1.53,2.4
Edinburgh City,Annan Athletic,H,3,0,10.0,5.0,5.0,2.0,1.0,3.0,3,2,0,0,1.45,4.5,6.5,1.5,2.5
Elgin,Cove Rangers,H,3,0,10.0,15.0,7.0,8.0,4.0,7.0,1,5,0,0,5.5,4.0,1.57,1.44,2.7
Stenhousemuir,Cowdenbeath,D,2,2,3.0,9.0,2.0,5.0,0.0,6.0,5,4,0,0,2.6,3.4,2.6,1.9,1.9
Stirling,Queens Park,A,1,3,7.0,12.0,3.0,3.0,3.0,4.0,2,1,0,0,2.25,3.4,3.1,1.95,1.85
Cove Rangers,Edinburgh City,H,2,1,7.0,5.0,3.0,3.0,9.0,7.0,3,0,0,0,1.57,4.33,5.0,1.65,2.2
Cowdenbeath,Stirling,A,1,4,7.0,10.0,4.0,5.0,9.0,5.0,3,0,1,0,2.25,3.5,2.6,2.05,1.75
Queens Park,Elgin,H,2,0,7.0,6.0,2.0,2.0,1.0,3.0,1,0,0,0,2.2,3.6,2.7,1.8,2.0
Stenhousemuir,Albion Rvs,H,1,0,8.0,6.0,4.0,5.0,5.0,4.0,0,0,0,0,2.0,3.5,3.0,1.6,2.3
Annan Athletic,Albion Rvs,H,2,1,12.0,8.0,4.0,1.0,5.0,6.0,2,0,0,0,2.25,3.75,2.8,1.57,2.35
Cove Rangers,Queens Park,H,2,0,8.0,8.0,4.0,2.0,10.0,7.0,1,2,0,0,1.5,4.33,6.0,1.6,2.3
Edinburgh City,Brechin,D,0,0,10.0,1.0,2.0,1.0,2.0,3.0,0,2,0,0,1.28,5.5,10.0,1.53,2.4
Brechin,Queens Park,D,0,0,5.0,13.0,1.0,4.0,6.0,10.0,2,0,0,0,4.33,4.0,1.72,1.66,2.15
Albion Rvs,Elgin,A,1,2,13.0,6.0,6.0,4.0,9.0,5.0,3,2,0,0,3.6,3.6,1.95,1.65,2.2
Brechin,Stirling,A,0,2,3.0,9.0,1.0,3.0,3.0,5.0,2,0,0,0,4.2,3.75,1.8,1.7,2.1
Cowdenbeath,Edinburgh City,D,1,1,9.0,10.0,3.0,6.0,4.0,7.0,4,1,0,0,3.3,3.6,2.05,2.0,1.8
Queens Park,Annan Athletic,H,2,0,10.0,6.0,4.0,3.0,4.0,2.0,0,2,0,0,1.75,3.75,4.33,1.65,2.2
Stenhousemuir,Cove Rangers,A,0,3,4.0,12.0,1.0,6.0,6.0,5.0,1,1,1,0,7.0,4.75,1.4,1.44,2.7
Cowdenbeath,Albion Rvs,H,2,1,7.0,5.0,4.0,2.0,8.0,5.0,3,1,0,0,2.15,3.8,3.0,1.8,2.0
Stirling,Stenhousemuir,D,0,0,7.0,5.0,2.0,2.0,3.0,7.0,2,0,0,0,1.9,3.6,3.75,1.75,2.05
Annan Athletic,Cowdenbeath,D,0,0,8.0,6.0,2.0,3.0,5.0,5.0,2,2,0,0,2.37,3.75,2.62,1.75,2.05
Cove Rangers,Brechin,H,3,2,20.0,10.0,7.0,4.0,5.0,0.0,0,4,0,0,1.12,9.0,15.0,1.36,3.1
Edinburgh City,Albion Rvs,H,3,0,22.0,3.0,8.0,0.0,9.0,0.0,0,1,0,1,1.45,4.2,6.5,1.6,2.3
Elgin,Stirling,H,3,1,15.0,9.0,7.0,3.0,5.0,3.0,1,4,0,0,2.2,3.75,2.9,1.72,2.07
Stenhousemuir,Queens Park,D,0,0,7.0,9.0,3.0,4.0,4.0,6.0,2,1,0,1,2.87,3.75,2.25,1.72,2.07
Elgin,Cowdenbeath,H,3,2,18.0,7.0,7.0,5.0,9.0,2.0,1,4,0,1,1.75,3.8,3.5,1.75,2.05
Stirling,Cove Rangers,A,1,7,11.0,11.0,3.0,8.0,5.0,4.0,0,0,1,0,5.25,4.5,1.44,1.72,2.07
Albion Rvs,Stenhousemuir,A,1,3,12.0,16.0,5.0,5.0,5.0,2.0,1,3,0,0,3.1,3.5,2.25,1.6,2.3
Brechin,Edinburgh City,A,1,5,5.0,18.0,4.0,10.0,5.0,4.0,2,1,0,0,5.25,4.5,1.5,1.47,2.6
Cowdenbeath,Annan Athletic,A,0,3,5.0,11.0,3.0,6.0,8.0,9.0,0,0,0,0,2.45,3.25,2.87,1.95,1.85
Stirling,Queens Park,D,0,0,11.0,11.0,4.0,4.0,8.0,4.0,2,2,0,0,4.75,4.2,1.61,1.9,1.9
Stranraer,Elgin,A,1,4,10.0,11.0,5.0,6.0,10.0,5.0,0,1,1,0,2.3,3.6,2.8,1.9,1.9
Annan Athletic,Stranraer,D,1,1,13.0,6.0,7.0,2.0,10.0,4.0,1,2,0,1,2.45,3.5,2.37,1.65,2.2
Edinburgh City,Cowdenbeath,A,0,1,10.0,6.0,2.0,2.0,12.0,4.0,1,2,0,1,1.6,4.0,4.2,1.7,2.1
Elgin,Brechin,H,3,0,18.0,8.0,9.0,3.0,4.0,3.0,0,2,0,0,1.28,4.75,8.0,1.57,2.35
Queens Park,Albion Rvs,H,2,0,9.0,6.0,8.0,1.0,6.0,3.0,3,1,0,0,1.25,5.25,8.0,1.44,2.7
Stenhousemuir,Stirling,D,2,2,10.0,8.0,5.0,3.0,5.0,11.0,3,4,0,0,2.4,3.5,2.45,1.75,2.05
Albion Rvs,Brechin,A,0,2,5.0,9.0,1.0,2.0,2.0,4.0,1,0,0,0,1.75,4.2,3.4,1.57,2.35
Cowdenbeath,Stenhousemuir,D,1,1,8.0,7.0,2.0,2.0,2.0,7.0,1,2,0,0,2.7,3.3,2.4,1.9,1.9
Edinburgh City,Elgin,H,1,0,10.0,8.0,3.0,2.0,7.0,4.0,2,2,0,0,2.25,3.3,2.9,1.8,2.0
Stirling,Annan Athletic,H,1,0,14.0,4.0,7.0,3.0,11.0,2.0,1,2,0,0,2.05,3.4,3.2,1.85,1.95
Stranraer,Queens Park,A,0,1,7.0,9.0,5.0,5.0,6.0,7.0,2,2,0,0,3.2,3.5,2.0,1.9,1.95
Annan Athletic,Albion Rvs,A,2,3,10.0,12.0,5.0,6.0,4.0,7.0,2,1,0,0,1.6,3.75,4.33,1.47,2.6
Brechin,Stirling,A,0,5,6.0,18.0,1.0,7.0,0.0,7.0,2,1,1,0,4.75,4.2,1.53,1.57,2.35
Elgin,Queens Park,A,0,1,8.0,8.0,4.0,3.0,8.0,8.0,2,4,1,0,2.5,3.5,2.3,2.05,1.75
Stenhousemuir,Edinburgh City,H,2,0,11.0,11.0,3.0,5.0,4.0,4.0,4,1,0,0,3.1,3.8,1.95,1.66,2.15
Stranraer,Cowdenbeath,H,2,0,9.0,8.0,4.0,3.0,1.0,3.0,3,5,0,1,1.9,3.8,3.1,1.72,2.07
Edinburgh City,Stranraer,A,0,1,4.0,8.0,1.0,5.0,4.0,4.0,6,2,0,0,1.9,3.8,3.2,1.66,2.15
Queens Park,Brechin,H,3,0,18.0,3.0,9.0,0.0,17.0,2.0,0,1,0,0,1.2,6.0,10.0,1.44,2.7
Stenhousemuir,Annan Athletic,A,1,2,6.0,9.0,1.0,3.0,6.0,3.0,1,3,0,0,2.1,3.5,2.9,1.7,2.1
Stirling,Elgin,A,1,2,9.0,7.0,5.0,3.0,9.0,2.0,2,2,0,0,2.7,3.4,2.5,1.72,2.07
Albion Rvs,Stirling,A,0,1,7.0,19.0,4.0,4.0,4.0,8.0,2,2,0,0,4.33,4.0,1.65,1.61,2.25
Annan Athletic,Edinburgh City,A,0,4,7.0,12.0,5.0,8.0,3.0,6.0,2,3,0,0,2.87,3.8,2.05,1.72,2.07
Brechin,Stranraer,A,1,4,4.0,15.0,3.0,6.0,4.0,7.0,1,0,0,0,7.5,4.5,1.33,1.53,2.4
Elgin,Cowdenbeath,H,5,2,16.0,11.0,7.0,5.0,3.0,8.0,0,2,0,0,1.61,3.75,4.75,1.75,2.05
Queens Park,Stenhousemuir,H,3,1,14.0,4.0,4.0,1.0,8.0,0.0,2,1,0,0,1.6,4.0,4.5,1.7,2.1
Cowdenbeath,Queens Park,A,0,3,3.0,8.0,1.0,7.0,5.0,6.0,2,3,0,0,4.75,3.8,1.55,1.9,1.9
Edinburgh City,Albion Rvs,H,5,2,18.0,7.0,6.0,3.0,8.0,5.0,2,1,0,0,1.28,4.75,8.5,1.53,2.4
Elgin,Annan Athletic,H,1,0,11.0,10.0,7.0,4.0,5.0,2.0,2,2,0,0,1.65,4.0,4.0,1.65,2.2
Stenhousemuir,Brechin,H,2,1,14.0,7.0,6.0,4.0,6.0,2.0,1,3,0,0,1.22,5.25,11.0,1.53,2.4
Stranraer,Stirling,D,2,2,13.0,9.0,6.0,3.0,12.0,4.0,2,1,0,0,2.2,3.5,2.7,1.7,2.1
Albion Rvs,Elgin,H,3,1,11.0,8.0,5.0,2.0,8.0,5.0,5,2,1,0,5.5,4.33,1.4,1.5,2.5
Queens Park,Edinburgh City,D,3,3,8.0,7.0,3.0,3.0,3.0,2.0,2,2,0,0,1.75,3.6,3.75,1.85,1.95
Stenhousemuir,Stranraer,D,2,2,10.0,14.0,4.0,7.0,1.0,6.0,2,1,1,0,2.2,3.5,2.62,1.53,2.4
Stirling,Cowdenbeath,H,1,0,14.0,6.0,5.0,2.0,9.0,3.0,1,2,0,0,1.7,3.75,3.8,1.8,2.0
Annan Athletic,Queens Park,A,1,2,3.0,6.0,2.0,5.0,3.0,4.0,2,2,0,0,4.5,3.8,1.61,1.85,1.95
Cowdenbeath,Brechin,H,2,0,7.0,3.0,2.0,2.0,8.0,5.0,0,1,0,0,1.66,3.8,4.0,1.65,2.2
Edinburgh City,Stirling,A,2,3,11.0,7.0,5.0,3.0,3.0,3.0,3,5,0,0,2.1,3.4,3.0,1.8,2.0
Elgin,Stenhousemuir,H,2,0,19.0,8.0,9.0,4.0,5.0,2.0,2,3,0,1,1.7,3.6,4.0,1.6,2.3
Stranraer,Albion Rvs,H,4,0,17.0,5.0,8.0,2.0,6.0,1.0,0,1,0,0,1.4,4.5,5.75,1.47,2.6
Brechin,Annan Athletic,D,0,0,8.0,6.0,4.0,3.0,3.0,2.0,3,2,0,0,5.0,4.0,1.55,1.57,2.35
Stranraer,Annan Athletic,H,2,0,10.0,12.0,4.0,4.0,7.0,3.0,0,2,0,1,1.55,4.0,4.75,1.65,2.2
Annan Athletic,Cowdenbeath,D,0,0,5.0,6.0,1.0,0.0,6.0,5.0,2,2,1,0,2.37,3.5,2.6,1.85,1.95
Elgin,Edinburgh City,A,1,2,9.0,9.0,2.0,4.0,4.0,4.0,2,1,0,0,2.3,3.6,2.5,1.8,2.0
Queens Park,Stranraer,H,3,0,8.0,3.0,4.0,0.0,3.0,1.0,4,0,0,1,1.61,3.8,4.2,1.75,2.05
Stenhousemuir,Albion Rvs,H,2,0,8.0,3.0,2.0,0.0,2.0,5.0,2,3,0,0,1.33,5.25,6.5,1.57,2.35
Stirling,Brechin,H,1,0,7.0,6.0,4.0,3.0,5.0,5.0,3,1,0,0,1.22,5.5,8.5,1.61,2.25
Stranraer,Brechin,H,2,0,13.0,5.0,4.0,1.0,4.0,3.0,0,1,0,0,1.22,6.0,12.0,1.57,2.35
Albion Rvs,Annan Athletic,D,1,1,8.0,9.0,2.0,3.0,5.0,7.0,1,0,0,1,3.1,3.5,2.1,1.7,2.1
Brechin,Queens Park,A,0,2,5.0,20.0,2.0,8.0,0.0,6.0,2,1,1,0,9.0,5.0,1.28,1.7,2.1
Cowdenbeath,Stranraer,D,1,1,5.0,15.0,1.0,4.0,1.0,4.0,2,2,0,0,3.4,3.75,1.9,1.9,1.95
Edinburgh City,Stenhousemuir,H,3,1,15.0,9.0,7.0,3.0,3.0,2.0,2,1,0,1,1.83,3.75,3.5,1.72,2.07
Elgin,Stirling,D,1,1,8.0,11.0,3.0,3.0,2.0,2.0,0,5,0,0,2.1,3.6,2.87,1.72,2.07
Albion Rvs,Queens Park,A,0,3,3.0,14.0,1.0,7.0,2.0,10.0,0,0,0,0,11.0,6.0,1.2,1.53,2.4
Brechin,Elgin,A,1,2,10.0,21.0,6.0,6.0,7.0,8.0,4,1,1,0,7.0,5.0,1.33,1.5,2.5
Cowdenbeath,Edinburgh City,A,1,3,7.0,11.0,4.0,8.0,5.0,7.0,2,0,0,0,4.2,4.5,1.57,1.9,1.9
Stirling,Stenhousemuir,H,1,0,19.0,3.0,10.0,0.0,8.0,3.0,1,2,0,1,1.9,3.75,3.3,1.75,2.05
Annan Athletic,Elgin,A,0,3,10.0,8.0,1.0,5.0,5.0,3.0,1,2,0,0,3.6,3.8,1.72,1.85,1.95
Cowdenbeath,Albion Rvs,A,0,1,5.0,3.0,1.0,1.0,5.0,4.0,2,4,0,0,1.8,3.75,3.5,1.9,1.9
Queens Park,Stirling,H,1,0,6.0,5.0,3.0,0.0,5.0,4.0,5,2,0,0,1.5,4.2,5.0,1.95,1.85
Brechin,Stenhousemuir,D,1,1,9.0,18.0,4.0,5.0,2.0,8.0,2,2,0,0,4.75,4.2,1.5,1.7,2.1
Edinburgh City,Annan Athletic,D,1,1,10.0,9.0,7.0,3.0,3.0,5.0,2,2,0,0,1.4,4.33,5.75,1.65,2.2
Queens Park,Cowdenbeath,H,3,0,17.0,1.0,9.0,0.0,9.0,0.0,2,2,0,0,1.14,6.0,17.0,1.95,1.85
Stirling,Albion Rvs,D,1,1,16.0,9.0,8.0,5.0,8.0,3.0,1,2,0,0,1.33,4.5,6.5,1.8,2.0
Elgin,Stranraer,H,2,1,12.0,13.0,4.0,6.0,6.0,3.0,4,2,0,0,2.2,3.75,2.62,1.66,2.15
Stenhousemuir,Cowdenbeath,H,1,0,9.0,3.0,4.0,1.0,7.0,3.0,0,5,0,0,1.72,3.6,3.8,1.85,1.95
Annan Athletic,Stirling,A,1,2,7.0,13.0,5.0,5.0,4.0,6.0,2,0,1,0,3.2,3.3,2.0,1.85,1.95
Brechin,Albion Rvs,A,2,4,11.0,11.0,5.0,8.0,2.0,6.0,1,0,1,0,2.62,3.6,2.15,1.7,2.1
Cowdenbeath,Elgin,H,1,0,16.0,7.0,6.0,1.0,5.0,8.0,1,2,0,0,3.5,3.6,1.83,1.85,1.95
Stenhousemuir,Queens Park,A,1,3,5.0,17.0,3.0,10.0,3.0,5.0,2,0,0,1,5.0,3.8,1.53,1.85,1.95
Stranraer,Edinburgh City,A,0,1,8.0,9.0,2.0,3.0,5.0,4.0,1,1,0,0,2.8,2.8,2.62,1.85,1.95
Albion Rvs,Cowdenbeath,D,0,0,6.0,3.0,1.0,1.0,8.0,4.0,1,2,0,0,2.6,3.25,2.37,2.05,1.8
Edinburgh City,Brechin,H,2,1,9.0,9.0,4.0,4.0,5.0,7.0,0,3,0,0,1.25,5.0,9.0,1.57,2.35
Queens Park,Annan Athletic,H,1,0,18.0,3.0,5.0,0.0,15.0,2.0,1,1,0,0,1.22,5.0,12.0,1.9,1.9
Stenhousemuir,Elgin,H,2,0,13.0,10.0,4.0,4.0,9.0,8.0,4,2,0,0,2.62,3.4,2.25,1.72,2.07
Stirling,Stranraer,A,0,1,9.0,9.0,3.0,4.0,7.0,2.0,3,2,1,0,2.15,3.4,2.87,2.25,1.61
Stranraer,Stenhousemuir,H,4,0,19.0,4.0,11.0,1.0,10.0,1.0,1,2,0,0,1.9,3.8,3.0,1.8,2.0
Annan Athletic,Brechin,H,3,0,10.0,6.0,7.0,3.0,4.0,7.0,1,2,0,1,1.53,3.8,4.75,1.7,2.1
Cowdenbeath,Stirling,A,1,5,2.0,17.0,1.0,8.0,3.0,5.0,3,1,0,0,3.6,3.75,1.8,2.0,1.8
Edinburgh City,Queens Park,A,2,3,8.0,17.0,3.0,6.0,3.0,5.0,1,2,0,0,4.33,3.6,1.72,2.0,1.8
Elgin,Albion Rvs,A,2,5,11.0,7.0,7.0,6.0,8.0,5.0,0,0,0,0,1.36,4.2,6.0,1.57,2.35
Albion Rvs,Stranraer,A,0,2,4.0,13.0,3.0,6.0,3.0,5.0,0,1,0,0,4.75,4.0,1.66,1.61,2.25
Annan Athletic,Stenhousemuir,H,5,1,14.0,14.0,10.0,5.0,4.0,1.0,0,0,0,0,2.5,3.4,2.7,1.7,2.1
Brechin,Cowdenbeath,D,0,0,6.0,17.0,2.0,9.0,1.0,8.0,3,1,0,0,3.1,3.4,2.25,1.75,2.05
Queens Park,Elgin,D,0,0,15.0,4.0,4.0,2.0,6.0,4.0,0,2,0,0,1.4,4.5,7.5,1.72,2.07
Stirling,Edinburgh City,A,0,1,9.0,6.0,1.0,3.0,4.0,3.0,2,0,0,0,2.37,3.5,2.8,1.75,2.05
Queens Park,Stranraer,A,0,1,8.0,5.0,1.0,3.0,8.0,5.0,4,2,0,1,1.9,3.6,3.5,2.05,1.75
Albion Rvs,Annan Athletic,H,1,0,6.0,10.0,2.0,2.0,1.0,8.0,3,4,0,1,2.8,3.4,2.25,1.85,1.95
Edinburgh City,Stirling,A,0,1,11.0,16.0,1.0,7.0,6.0,10.0,3,2,0,0,2.15,3.3,3.0,1.72,2.07
Stenhousemuir,Cowdenbeath,A,0,2,3.0,10.0,2.0,5.0,8.0,8.0,3,1,0,0,1.9,3.4,3.6,1.9,1.9
Annan Athletic,Stenhousemuir,D,1,1,8.0,9.0,6.0,3.0,3.0,3.0,1,4,0,0,2.0,3.5,3.0,1.95,1.85
Cowdenbeath,Brechin,A,0,2,7.0,5.0,6.0,3.0,8.0,3.0,2,2,0,0,1.75,3.5,3.8,1.93,1.93
Stirling,Queens Park,A,1,2,5.0,6.0,1.0,2.0,2.0,3.0,1,2,0,0,3.25,3.6,1.9,1.98,1.88
Stranraer,Elgin,A,1,4,6.0,12.0,2.0,8.0,5.0,8.0,1,2,1,0,1.8,3.8,3.25,1.75,2.05
Brechin,Annan Athletic,A,0,3,12.0,9.0,2.0,5.0,5.0,0.0,1,3,0,0,2.63,3.75,2.38,1.98,1.88
Elgin,Stirling,H,3,1,13.0,10.0,6.0,7.0,2.0,4.0,0,4,0,0,2.6,3.5,2.5,1.93,1.93
Queens Park,Edinburgh City,H,2,0,8.0,9.0,3.0,3.0,4.0,5.0,2,0,0,0,1.75,3.8,4.5,2.15,1.68
Stenhousemuir,Albion Rvs,A,0,1,14.0,15.0,6.0,6.0,7.0,7.0,2,2,0,0,1.91,3.8,3.6,1.88,1.98
Albion Rvs,Brechin,D,1,1,10.0,7.0,1.0,1.0,4.0,2.0,2,1,1,0,1.5,4.33,5.0,1.7,2.1
Annan Athletic,Cowdenbeath,D,1,1,12.0,9.0,7.0,5.0,7.0,6.0,5,1,0,1,2.15,3.6,2.88,1.73,2.08
Edinburgh City,Elgin,H,2,0,7.0,6.0,5.0,2.0,3.0,6.0,2,1,0,0,2.15,3.6,2.8,1.58,2.35
Stirling,Stranraer,D,2,2,12.0,8.0,6.0,4.0,6.0,7.0,0,2,0,0,2.45,3.75,2.38,1.9,1.85
Brechin,Stenhousemuir,A,0,1,3.0,15.0,1.0,9.0,2.0,4.0,1,0,0,0,3.4,3.8,1.83,1.65,2.15
Cowdenbeath,Albion Rvs,H,2,0,8.0,6.0,4.0,2.0,1.0,7.0,0,1,0,1,2.15,3.6,2.63,1.7,2.1
Elgin,Queens Park,H,3,2,8.0,6.0,4.0,5.0,3.0,4.0,1,2,0,0,3.4,3.5,2.1,1.78,2.03
Stranraer,Edinburgh City,H,2,1,8.0,7.0,3.0,0.0,3.0,2.0,0,1,0,0,2.0,3.3,3.75,1.93,1.93
Albion Rvs,Edinburgh City,H,2,0,10.0,10.0,4.0,3.0,3.0,1.0,0,1,0,0,4.5,3.75,1.61,1.6,2.3
Annan Athletic,Forfar,A,0,2,10.0,7.0,3.0,5.0,4.0,3.0,2,2,0,0,2.62,3.6,2.25,1.7,2.1
Elgin,Stranraer,D,1,1,12.0,11.0,5.0,4.0,3.0,9.0,2,2,0,0,2.9,3.3,2.2,1.7,2.1
Kelty Hearts,Cowdenbeath,H,2,0,12.0,8.0,6.0,5.0,4.0,5.0,0,3,0,0,1.36,4.5,7.0,1.65,2.2
Stenhousemuir,Stirling,A,0,1,6.0,10.0,3.0,3.0,8.0,5.0,3,3,0,1,3.0,3.6,2.0,1.72,2.07
Albion Rvs,Stenhousemuir,D,2,2,11.0,15.0,4.0,9.0,1.0,5.0,3,1,0,0,2.4,3.5,2.4,1.7,2.1
Cowdenbeath,Elgin,H,3,1,11.0,3.0,7.0,2.0,4.0,5.0,1,0,0,0,2.6,3.5,2.25,1.8,2.0
Forfar,Edinburgh City,H,2,0,13.0,10.0,3.0,3.0,6.0,5.0,0,2,0,0,2.2,3.5,2.62,1.65,2.2
Stirling,Kelty Hearts,A,1,3,6.0,16.0,2.0,11.0,3.0,8.0,1,1,0,0,3.2,3.5,1.95,1.85,1.95
Stranraer,Annan Athletic,A,0,3,12.0,6.0,3.0,4.0,6.0,8.0,2,1,0,0,1.65,3.4,4.75,1.9,1.9
Edinburgh City,Stenhousemuir,H,1,0,12.0,16.0,3.0,6.0,2.0,13.0,1,4,0,0,2.05,3.4,3.2,1.75,2.05
Annan Athletic,Stirling,H,3,1,10.0,6.0,8.0,2.0,2.0,6.0,2,2,0,0,3.2,3.4,2.05,1.85,2.0
Elgin,Albion Rvs,H,3,0,17.0,4.0,8.0,3.0,10.0,4.0,0,4,0,0,2.05,3.5,3.1,1.7,2.1
Forfar,Kelty Hearts,D,2,2,8.0,18.0,4.0,6.0,2.0,4.0,1,0,0,0,4.5,3.75,1.65,1.7,2.1
Albion Rvs,Annan Athletic,A,0,1,12.0,7.0,4.0,4.0,6.0,3.0,2,3,0,0,2.5,3.6,2.3,1.8,2.0
Elgin,Forfar,D,1,1,6.0,11.0,2.0,6.0,3.0,6.0,4,2,0,0,2.3,3.6,2.5,1.83,2.02
Kelty Hearts,Edinburgh City,H,1,0,11.0,4.0,5.0,0.0,11.0,2.0,1,2,0,0,1.36,4.5,6.0,1.6,2.3
Stenhousemuir,Cowdenbeath,D,1,1,8.0,8.0,4.0,2.0,7.0,3.0,1,0,0,1,2.2,3.6,2.62,1.8,2.0
Stranraer,Stirling,A,0,3,7.0,23.0,1.0,11.0,2.0,5.0,1,1,0,0,2.37,3.4,2.55,1.85,1.95
Edinburgh City,Elgin,H,2,0,9.0,7.0,3.0,0.0,2.0,1.0,0,2,0,0,2.37,3.5,2.6,1.75,2.05
Cowdenbeath,Annan Athletic,A,1,3,6.0,5.0,3.0,3.0,3.0,4.0,4,3,0,0,1.9,3.6,3.5,1.85,1.95
Forfar,Stranraer,D,1,1,14.0,6.0,3.0,3.0,7.0,3.0,0,4,0,0,1.83,3.5,4.0,1.8,2.0
Stenhousemuir,Kelty Hearts,A,1,4,7.0,17.0,2.0,9.0,5.0,6.0,1,0,0,0,5.5,4.2,1.5,1.75,2.05
Stirling,Albion Rvs,H,2,1,10.0,6.0,4.0,5.0,5.0,4.0,0,2,0,0,1.5,3.75,6.5,1.66,2.15
Cowdenbeath,Stranraer,A,1,2,2.0,7.0,1.0,3.0,7.0,1.0,1,3,0,0,2.55,3.5,2.62,1.8,2.0
Albion Rvs,Cowdenbeath,H,2,1,11.0,11.0,4.0,5.0,4.0,6.0,0,0,0,0,2.1,3.3,2.9,1.72,2.07
Annan Athletic,Stenhousemuir,A,1,2,13.0,11.0,8.0,7.0,10.0,2.0,1,1,0,0,2.0,3.5,3.25,1.85,2.0
Kelty Hearts,Elgin,D,1,1,7.0,1.0,5.0,1.0,6.0,2.0,3,3,0,0,1.3,4.75,8.0,1.53,2.4
Stirling,Forfar,H,1,0,11.0,11.0,5.0,5.0,7.0,2.0,4,0,0,0,2.1,3.4,3.0,1.88,1.98
Stranraer,Edinburgh City,A,0,1,18.0,7.0,7.0,4.0,8.0,4.0,3,2,0,0,2.7,3.4,2.3,1.83,2.02
Edinburgh City,Stirling,D,2,2,8.0,18.0,6.0,8.0,3.0,8.0,4,3,0,0,2.45,3.5,2.4,1.9,1.9
Albion Rvs,Kelty Hearts,A,0,3,9.0,14.0,3.0,8.0,3.0,10.0,2,0,0,0,5.25,4.0,1.45,1.66,2.15
Cowdenbeath,Forfar,D,1,1,10.0,7.0,5.0,3.0,2.0,7.0,1,1,0,0,3.0,3.6,2.0,1.85,1.95
Elgin,Annan Athletic,A,0,2,7.0,14.0,2.0,8.0,2.0,4.0,2,3,1,0,1.9,3.6,3.2,1.72,2.07
Stranraer,Stenhousemuir,H,2,0,17.0,6.0,9.0,1.0,4.0,0.0,1,1,0,0,1.95,3.6,3.1,1.8,2.0
Annan Athletic,Edinburgh City,A,1,3,18.0,17.0,9.0,10.0,10.0,3.0,3,0,1,0,2.0,4.0,2.9,1.72,2.07
Forfar,Albion Rvs,H,3,1,14.0,9.0,7.0,5.0,4.0,3.0,0,0,0,0,1.6,3.75,5.0,1.7,2.1
Kelty Hearts,Stranraer,H,1,0,9.0,10.0,5.0,5.0,4.0,5.0,2,1,0,0,1.33,5.0,7.0,1.65,2.2
Stenhousemuir,Elgin,A,1,2,12.0,7.0,4.0,3.0,12.0,4.0,2,2,0,0,2.45,3.6,2.4,1.75,2.05
Stirling,Cowdenbeath,H,4,0,13.0,6.0,7.0,2.0,5.0,4.0,1,1,0,0,1.5,4.33,5.0,1.72,2.07
Edinburgh City,Cowdenbeath,D,1,1,6.0,14.0,2.0,5.0,2.0,5.0,4,2,0,0,1.9,3.6,3.4,1.7,2.1
Elgin,Stirling,A,0,2,11.0,10.0,4.0,4.0,4.0,5.0,2,2,0,0,2.87,3.4,2.15,1.6,2.3
Kelty Hearts,Annan Athletic,H,2,1,16.0,2.0,8.0,2.0,11.0,1.0,1,0,0,0,1.45,4.2,5.25,1.61,2.25
Stenhousemuir,Forfar,D,1,1,12.0,8.0,6.0,3.0,5.0,3.0,1,3,0,0,3.2,3.75,1.9,1.7,2.1
Stranraer,Albion Rvs,H,1,0,9.0,4.0,4.0,2.0,5.0,5.0,1,2,0,0,1.95,3.6,3.3,1.75,2.05
Edinburgh City,Kelty Hearts,A,2,3,5.0,15.0,3.0,8.0,0.0,2.0,3,2,0,0,9.0,4.5,1.28,1.66,2.15
Albion Rvs,Elgin,H,2,0,13.0,6.0,8.0,2.0,7.0,2.0,2,1,0,0,2.45,3.5,2.4,1.95,1.85
Cowdenbeath,Stenhousemuir,A,0,2,2.0,15.0,0.0,9.0,4.0,3.0,4,0,0,0,2.3,3.5,2.5,1.85,1.95
Forfar,Annan Athletic,H,2,0,11.0,9.0,4.0,4.0,8.0,0.0,1,2,0,0,1.75,3.6,3.75,1.85,1.95
Stirling,Stranraer,D,1,1,4.0,7.0,3.0,4.0,4.0,1.0,3,1,0,0,1.65,3.6,4.5,1.85,1.95
Annan Athletic,Cowdenbeath,H,1,0,6.0,7.0,3.0,2.0,6.0,5.0,1,1,0,0,1.61,3.6,4.75,1.8,2.0
Kelty Hearts,Stirling,D,1,1,11.0,4.0,5.0,1.0,7.0,2.0,2,3,0,0,1.53,3.8,6.0,1.72,2.07
Stranraer,Forfar,A,2,3,9.0,16.0,5.0,9.0,5.0,6.0,2,3,0,0,2.8,3.5,2.15,2.15,1.66
Edinburgh City,Albion Rvs,A,0,4,6.0,10.0,1.0,6.0,2.0,4.0,2,1,0,0,2.0,3.5,3.75,1.7,2.1
Annan Athletic,Stranraer,D,2,2,17.0,10.0,4.0,4.0,6.0,3.0,4,2,0,1,2.25,3.4,2.75,1.8,2.0
Cowdenbeath,Kelty Hearts,A,0,1,2.0,9.0,0.0,4.0,1.0,7.0,1,1,0,0,6.5,4.75,1.4,1.66,2.15
Forfar,Elgin,H,2,1,10.0,6.0,6.0,2.0,6.0,1.0,0,3,0,0,1.6,3.6,5.25,1.8,2.0
Stirling,Stenhousemuir,A,1,3,5.0,12.0,4.0,7.0,4.0,4.0,2,2,0,0,1.75,3.6,4.0,1.7,2.1
Stenhousemuir,Albion Rvs,H,3,1,12.0,13.0,6.0,5.0,6.0,7.0,3,2,0,0,2.0,3.75,3.1,1.8,2.0
Edinburgh City,Stranraer,H,3,1,12.0,9.0,5.0,5.0,1.0,5.0,1,2,0,0,2.45,3.75,2.5,1.9,1.95
Albion Rvs,Stirling,H,1,0,9.0,11.0,5.0,4.0,3.0,4.0,0,1,1,1,2.8,3.4,2.25,1.72,2.07
Elgin,Cowdenbeath,H,1,0,26.0,8.0,11.0,4.0,5.0,2.0,1,2,0,0,2.1,3.5,3.0,1.8,2.0
Kelty Hearts,Forfar,H,1,0,5.0,3.0,3.0,0.0,1.0,3.0,1,3,0,0,1.5,4.0,5.75,1.66,2.15
Stenhousemuir,Annan Athletic,H,2,0,15.0,8.0,7.0,1.0,5.0,6.0,1,3,0,0,2.1,3.4,3.0,1.72,2.07
Annan Athletic,Albion Rvs,D,1,1,10.0,12.0,6.0,3.0,3.0,7.0,4,2,0,0,1.95,3.6,3.25,1.9,1.95
Forfar,Cowdenbeath,H,3,0,15.0,5.0,6.0,2.0,3.0,2.0,0,2,0,0,1.53,4.0,5.25,1.9,1.95
Kelty Hearts,Stenhousemuir,H,2,0,10.0,7.0,5.0,2.0,3.0,1.0,2,2,0,0,1.36,4.5,7.0,1.75,2.05
Stirling,Edinburgh City,A,1,2,14.0,9.0,5.0,7.0,8.0,3.0,1,1,1,0,1.9,3.6,3.4,1.93,1.93
Stranraer,Elgin,H,1,0,6.0,8.0,2.0,3.0,1.0,4.0,0,5,0,1,2.2,3.4,2.9,1.98,1.88
Elgin,Edinburgh City,D,1,1,17.0,6.0,6.0,3.0,6.0,1.0,0,2,0,0,2.15,3.4,3.0,1.88,1.98
Edinburgh City,Annan Athletic,A,0,1,8.0,6.0,1.0,3.0,8.0,1.0,2,2,0,0,2.4,3.5,2.45,1.88,1.98
Albion Rvs,Forfar,A,2,3,12.0,8.0,6.0,4.0,5.0,2.0,0,1,0,0,3.2,3.6,1.9,1.85,2.0
Cowdenbeath,Stirling,H,1,0,8.0,9.0,2.0,3.0,5.0,3.0,3,4,0,0,3.1,3.6,1.95,1.9,1.95
Stenhousemuir,Stranraer,A,1,4,6.0,13.0,2.0,7.0,4.0,5.0,1,0,0,0,2.1,3.6,2.8,1.8,2.0
Annan Athletic,Elgin,H,4,1,7.0,8.0,5.0,5.0,3.0,5.0,3,1,0,0,1.85,3.5,3.5,1.9,1.95
Forfar,Stirling,H,2,0,9.0,7.0,4.0,1.0,9.0,2.0,3,2,0,0,1.83,3.5,3.5,1.85,2.0
Kelty Hearts,Albion Rvs,H,6,1,16.0,12.0,10.0,3.0,9.0,3.0,0,0,0,0,1.36,4.5,6.5,1.72,2.07
Stenhousemuir,Edinburgh City,D,2,2,14.0,10.0,5.0,6.0,6.0,4.0,0,0,0,0,2.37,3.5,2.45,1.9,1.95
Stranraer,Cowdenbeath,H,2,0,8.0,7.0,6.0,3.0,0.0,3.0,2,6,0,0,1.8,3.5,3.8,1.98,1.88
Edinburgh City,Forfar,A,0,4,10.0,19.0,1.0,6.0,3.0,6.0,0,0,0,0,3.75,3.2,1.95,2.15,1.66
Cowdenbeath,Albion Rvs,D,0,0,5.0,10.0,2.0,6.0,6.0,2.0,1,0,0,0,2.4,3.4,2.6,2.05,1.75
Elgin,Stenhousemuir,D,2,2,9.0,8.0,4.0,3.0,4.0,4.0,2,2,1,0,2.37,3.6,2.5,2.0,1.85
Stirling,Annan Athletic,A,2,3,9.0,14.0,5.0,7.0,3.0,6.0,4,2,1,0,2.3,3.6,2.62,2.02,1.83
Stranraer,Kelty Hearts,A,0,4,12.0,12.0,4.0,9.0,5.0,6.0,3,3,0,0,5.75,4.0,1.5,1.85,2.0
Stirling,Elgin,A,0,1,8.0,14.0,1.0,5.0,4.0,3.0,2,2,0,0,2.1,3.4,2.87,2.0,1.85
Cowdenbeath,Edinburgh City,A,1,2,9.0,6.0,6.0,4.0,8.0,3.0,0,1,0,0,2.62,3.6,2.3,2.02,1.83
Annan Athletic,Kelty Hearts,H,5,1,15.0,10.0,9.0,3.0,1.0,12.0,0,0,0,1,4.5,4.0,1.6,1.83,2.02
Albion Rvs,Stranraer,H,3,2,8.0,13.0,3.0,7.0,3.0,5.0,5,1,0,1,2.5,3.6,2.45,2.1,1.7
Forfar,Stenhousemuir,A,3,4,11.0,12.0,4.0,7.0,7.0,2.0,2,3,0,0,1.75,3.6,4.0,1.93,1.93
Elgin,Forfar,H,1,0,14.0,8.0,4.0,1.0,4.0,1.0,3,5,0,0,4.5,3.6,1.6,1.72,2.07
Stenhousemuir,Stirling,A,1,2,5.0,11.0,5.0,4.0,3.0,3.0,4,3,1,0,2.2,3.75,2.55,1.72,2.07
Stranraer,Annan Athletic,D,1,1,9.0,9.0,4.0,2.0,2.0,8.0,3,5,0,2,3.6,3.6,1.8,1.72,2.07
Edinburgh City,Elgin,D,2,2,12.0,14.0,5.0,4.0,1.0,2.0,0,3,0,0,3.0,3.25,2.2,2.0,1.85
Stirling,Kelty Hearts,A,0,3,6.0,11.0,3.0,7.0,2.0,4.0,2,0,0,0,4.0,3.75,1.72,1.83,2.02
Albion Rvs,Stenhousemuir,A,1,2,6.0,13.0,2.0,5.0,4.0,3.0,0,1,0,0,2.6,2.9,2.8,1.72,2.07
Cowdenbeath,Annan Athletic,A,1,3,13.0,14.0,3.0,6.0,7.0,2.0,4,3,1,0,3.2,3.6,2.0,1.88,1.98
Forfar,Stranraer,H,3,2,11.0,13.0,4.0,4.0,9.0,8.0,2,2,0,0,1.75,3.5,4.2,1.83,2.02
Annan Athletic,Forfar,D,2,2,7.0,15.0,2.0,7.0,1.0,9.0,1,1,0,0,2.4,3.4,2.6,1.83,2.02
Elgin,Albion Rvs,D,1,1,14.0,3.0,5.0,3.0,6.0,2.0,1,1,0,1,1.95,3.3,3.6,2.02,1.83
Kelty Hearts,Edinburgh City,D,2,2,8.0,11.0,3.0,4.0,3.0,4.0,3,2,0,0,1.4,4.33,6.0,1.57,2.35
Stenhousemuir,Cowdenbeath,A,0,2,13.0,12.0,2.0,6.0,10.0,7.0,3,2,0,0,1.66,3.3,5.0,2.07,1.72
Stranraer,Stirling,D,3,3,14.0,10.0,8.0,4.0,5.0,3.0,3,1,0,0,2.4,3.4,2.6,1.95,1.9
Cowdenbeath,Stranraer,A,0,1,4.0,7.0,2.0,4.0,4.0,5.0,2,2,0,0,2.3,3.3,2.7,1.95,1.9
Elgin,Kelty Hearts,H,2,0,6.0,6.0,4.0,3.0,2.0,6.0,3,4,0,0,4.33,3.6,1.7,1.7,2.1
Albion Rvs,Cowdenbeath,A,0,1,5.0,5.0,4.0,3.0,8.0,1.0,5,2,0,1,2.05,3.3,3.3,1.88,1.98
Kelty Hearts,Stranraer,H,3,2,4.0,10.0,4.0,4.0,3.0,9.0,1,1,0,0,1.4,4.5,7.0,1.65,2.2
Stenhousemuir,Elgin,H,2,1,13.0,9.0,8.0,5.0,4.0,6.0,0,2,1,0,2.1,3.4,3.1,1.88,1.98
Annan Athletic,Stirling,D,0,0,5.0,12.0,3.0,6.0,4.0,3.0,1,0,0,0,2.0,3.5,3.25,1.75,2.05
Forfar,Edinburgh City,A,2,3,11.0,11.0,6.0,8.0,8.0,3.0,2,3,0,0,1.61,3.8,4.75,1.75,2.05
Annan Athletic,Stenhousemuir,A,0,2,11.0,6.0,4.0,2.0,10.0,5.0,3,2,0,0,2.1,3.25,3.3,1.88,1.98
Forfar,Albion Rvs,H,2,0,4.0,9.0,2.0,4.0,7.0,7.0,0,0,0,0,1.6,3.75,5.0,1.72,2.07
Kelty Hearts,Elgin,H,4,0,12.0,4.0,7.0,1.0,5.0,4.0,0,3,0,0,1.36,4.33,7.5,1.66,2.15
Stranraer,Edinburgh City,A,0,2,12.0,4.0,4.0,2.0,4.0,4.0,1,1,1,0,2.05,3.25,3.25,1.88,1.98
Edinburgh City,Stirling,H,1,0,8.0,12.0,4.0,5.0,6.0,6.0,3,5,0,0,2.75,3.25,2.25,1.72,2.07
Elgin,Stranraer,A,1,2,12.0,9.0,8.0,4.0,2.0,5.0,3,2,0,0,2.0,3.75,3.0,1.85,2.0
Edinburgh City,Albion Rvs,A,1,2,9.0,8.0,3.0,6.0,3.0,5.0,1,0,0,0,2.3,3.25,2.8,1.8,2.0
Elgin,Annan Athletic,A,0,2,17.0,7.0,3.0,4.0,5.0,0.0,3,0,0,0,1.9,3.25,3.5,1.9,1.95
Stirling,Forfar,D,1,1,14.0,8.0,6.0,2.0,5.0,4.0,2,2,0,0,2.62,2.9,2.55,1.9,1.95
Annan Athletic,Edinburgh City,H,2,1,14.0,10.0,6.0,4.0,3.0,8.0,0,2,0,0,1.83,3.3,3.8,1.95,1.9
Cowdenbeath,Elgin,H,2,0,7.0,9.0,5.0,4.0,3.0,5.0,2,2,0,0,3.25,3.3,2.0,2.0,1.85
Forfar,Kelty Hearts,H,1,0,5.0,16.0,2.0,2.0,7.0,3.0,2,1,0,0,3.4,3.4,1.9,1.66,2.15
Stranraer,Stenhousemuir,D,1,1,7.0,9.0,3.0,3.0,5.0,2.0,2,1,0,0,2.5,3.1,2.55,1.9,1.95
Kelty Hearts,Cowdenbeath,H,1,0,12.0,1.0,4.0,0.0,15.0,0.0,1,4,0,0,1.22,5.0,11.0,1.7,2.1
Edinburgh City,Cowdenbeath,H,1,0,6.0,9.0,1.0,5.0,1.0,2.0,3,3,0,0,1.85,3.3,4.0,1.98,1.88
Elgin,Stirling,H,3,1,19.0,4.0,8.0,2.0,4.0,3.0,2,2,0,1,2.2,3.1,2.9,1.93,1.93
Kelty Hearts,Annan Athletic,H,3,1,8.0,8.0,4.0,2.0,4.0,1.0,2,4,0,0,1.57,4.0,4.5,1.66,2.15
Stenhousemuir,Forfar,H,2,0,9.0,6.0,4.0,1.0,6.0,8.0,1,4,0,0,3.25,3.2,2.05,1.88,1.98
Stranraer,Albion Rvs,D,0,0,3.0,7.0,1.0,3.0,2.0,0.0,0,2,0,0,1.9,3.25,3.75,1.85,2.0
Albion Rvs,Annan Athletic,A,1,4,12.0,12.0,5.0,6.0,4.0,5.0,1,2,0,0,3.0,3.3,2.2,1.8,2.0
Edinburgh City,Stenhousemuir,D,1,1,12.0,15.0,6.0,5.0,5.0,7.0,0,1,0,0,2.7,3.3,2.4,1.8,2.0
Albion Rvs,Edinburgh City,A,0,1,11.0,7.0,3.0,1.0,6.0,6.0,1,0,0,0,2.25,3.25,2.8,1.85,2.0
Annan Athletic,Stranraer,H,4,1,13.0,9.0,7.0,5.0,4.0,4.0,1,3,0,0,2.0,3.4,3.2,1.83,2.02
Cowdenbeath,Kelty Hearts,A,0,1,10.0,6.0,2.0,2.0,5.0,4.0,3,5,0,0,8.0,4.2,1.33,1.83,2.02
Forfar,Elgin,D,0,0,7.0,8.0,3.0,2.0,6.0,4.0,3,0,0,0,1.8,3.6,3.75,1.75,2.05
Stirling,Stenhousemuir,A,0,1,4.0,10.0,1.0,7.0,6.0,4.0,0,0,1,0,2.15,3.4,2.87,1.75,2.05
Stenhousemuir,Kelty Hearts,A,0,1,4.0,14.0,1.0,6.0,3.0,9.0,0,1,0,0,4.33,3.4,1.7,1.85,1.95
Stirling,Cowdenbeath,H,2,1,8.0,5.0,3.0,4.0,4.0,2.0,0,2,0,0,1.9,3.4,3.25,1.98,1.88
Annan Athletic,Elgin,H,2,1,9.0,3.0,3.0,1.0,7.0,5.0,0,3,0,0,2.25,3.25,2.8,1.83,2.02
Forfar,Stirling,A,0,1,8.0,6.0,4.0,2.0,3.0,4.0,2,0,0,0,1.8,3.5,4.0,1.83,2.02
Kelty Hearts,Albion Rvs,H,3,1,9.0,12.0,5.0,7.0,2.0,5.0,2,1,0,0,1.25,5.0,9.5,1.57,2.35
Stenhousemuir,Edinburgh City,D,0,0,24.0,5.0,6.0,2.0,4.0,2.0,1,1,0,1,1.85,3.5,3.6,1.83,2.02
Stranraer,Cowdenbeath,H,3,0,9.0,4.0,6.0,0.0,14.0,2.0,0,2,0,0,1.85,3.5,3.75,1.98,1.88
Cowdenbeath,Forfar,A,1,2,4.0,8.0,1.0,2.0,4.0,6.0,3,1,0,0,3.4,3.1,2.0,2.3,1.6
Albion Rvs,Kelty Hearts,D,0,0,13.0,9.0,3.0,4.0,3.0,5.0,0,1,0,1,5.25,4.33,1.44,1.75,2.05
Edinburgh City,Stranraer,A,1,2,9.0,14.0,4.0,5.0,3.0,10.0,2,0,0,0,2.5,3.4,2.4,2.0,1.85
Albion Rvs,Forfar,D,0,0,13.0,8.0,3.0,3.0,8.0,7.0,2,1,0,0,3.5,3.4,1.85,1.95,1.9
Cowdenbeath,Stenhousemuir,D,1,1,11.0,7.0,6.0,2.0,6.0,2.0,4,1,0,0,3.3,3.25,2.1,2.02,1.83
Elgin,Kelty Hearts,D,0,0,4.0,12.0,2.0,5.0,1.0,6.0,1,0,1,0,4.0,3.4,1.75,1.8,2.0
Stirling,Annan Athletic,A,0,3,7.0,10.0,1.0,6.0,7.0,5.0,0,0,0,0,2.4,3.4,2.4,1.9,1.95
Stirling,Albion Rvs,A,0,1,7.0,7.0,2.0,3.0,5.0,5.0,1,2,1,1,1.95,3.2,3.4,2.2,1.65
Annan Athletic,Albion Rvs,A,2,4,10.0,11.0,4.0,8.0,4.0,4.0,0,0,0,0,1.8,3.6,3.6,1.7,2.1
Elgin,Edinburgh City,H,2,0,12.0,3.0,3.0,0.0,6.0,2.0,1,3,0,2,2.15,3.1,3.1,1.95,1.9
Forfar,Cowdenbeath,D,1,1,9.0,7.0,1.0,1.0,7.0,4.0,1,2,0,0,1.53,3.8,5.25,1.95,1.9
Kelty Hearts,Stenhousemuir,H,1,0,10.0,5.0,6.0,3.0,7.0,3.0,2,3,0,0,1.4,4.2,6.5,1.72,2.07
Stirling,Stranraer,H,1,0,8.0,11.0,3.0,1.0,2.0,5.0,3,0,0,0,2.5,3.4,2.45,1.9,1.95
Edinburgh City,Kelty Hearts,D,1,1,11.0,14.0,5.0,4.0,6.0,5.0,1,1,0,0,6.5,4.2,1.5,1.9,1.95
Albion Rvs,Elgin,D,0,0,4.0,6.0,1.0,2.0,0.0,5.0,1,2,0,0,2.25,3.4,3.1,2.02,1.83
Cowdenbeath,Stirling,D,0,0,3.0,6.0,1.0,2.0,4.0,5.0,1,2,0,0,2.75,3.25,2.55,2.05,1.8
Stenhousemuir,Annan Athletic,A,0,1,19.0,4.0,5.0,3.0,12.0,1.0,1,3,0,0,2.8,3.25,2.5,1.88,1.98
Stranraer,Forfar,A,0,2,4.0,9.0,0.0,3.0,2.0,8.0,3,1,0,0,2.75,3.2,2.6,2.0,1.85
Albion Rvs,Stranraer,A,0,5,5.0,15.0,1.0,8.0,4.0,3.0,9,2,0,0,2.7,3.2,2.45,2.0,1.85
Annan Athletic,Cowdenbeath,A,2,3,12.0,10.0,7.0,5.0,5.0,5.0,2,3,0,0,1.66,3.5,4.5,1.88,1.98
Edinburgh City,Forfar,H,2,0,6.0,16.0,2.0,6.0,1.0,10.0,0,0,0,0,3.1,3.3,2.1,1.95,1.85
Elgin,Stenhousemuir,A,0,2,8.0,7.0,3.0,4.0,6.0,3.0,2,2,0,0,2.62,3.25,2.45,2.05,1.8
Kelty Hearts,Stirling,D,1,1,5.0,7.0,2.0,3.0,3.0,6.0,3,1,0,0,1.4,4.2,7.5,1.8,2.0
Cowdenbeath,Edinburgh City,D,0,0,10.0,8.0,0.0,2.0,5.0,4.0,3,2,0,0,2.55,3.2,2.55,2.15,1.66
Forfar,Annan Athletic,H,5,1,18.0,8.0,8.0,4.0,4.0,2.0,1,2,0,0,2.2,3.3,3.0,1.93,1.93
Stenhousemuir,Albion Rvs,H,4,1,15.0,6.0,5.0,4.0,7.0,1.0,1,3,0,1,1.85,3.4,3.8,2.0,1.85
Stirling,Elgin,A,0,2,9.0,5.0,4.0,3.0,2.0,3.0,1,2,0,0,2.15,3.4,3.0,2.0,1.85
Stranraer,Kelty Hearts,A,0,3,12.0,10.0,1.0,6.0,3.0,4.0,1,2,0,0,4.2,3.6,1.72,1.93,1.93
Edinburgh City,Annan Athletic,H,2,1,15.0,6.0,5.0,2.0,8.0,2.0,1,0,0,0,2.45,3.25,2.5,1.88,1.98
Albion Rvs,Stirling,D,1,1,6.0,10.0,3.0,4.0,5.0,3.0,1,3,0,0,2.5,3.2,2.5,2.02,1.83
Elgin,Cowdenbeath,A,1,4,11.0,10.0,4.0,5.0,6.0,6.0,1,0,0,0,1.72,3.4,4.0,2.02,1.83
Kelty Hearts,Forfar,D,1,1,7.0,6.0,5.0,4.0,7.0,2.0,0,2,0,1,1.57,3.8,5.25,1.7,2.1
Stenhousemuir,Stranraer,A,1,3,11.0,9.0,4.0,5.0,2.0,4.0,4,4,1,0,2.37,3.25,2.7,1.95,1.9
Annan Athletic,Kelty Hearts,A,1,2,2.0,9.0,0.0,5.0,4.0,3.0,1,1,0,0,3.3,3.6,1.85,1.66,2.15
Forfar,Stenhousemuir,D,0,0,16.0,7.0,4.0,3.0,7.0,3.0,0,1,0,0,1.9,3.25,3.5,1.88,1.98
Stirling,Edinburgh City,H,5,0,12.0,5.0,8.0,0.0,3.0,2.0,0,1,0,0,2.6,3.1,2.7,2.15,1.66
Stranraer,Elgin,H,2,0,16.0,9.0,9.0,3.0,5.0,5.0,1,3,0,0,2.1,3.25,3.1,1.95,1.9
Bonnyrigg Rose,Forfar,H,2,0,12.0,4.0,6.0,0.0,7.0,6.0,2,0,0,0,2.45,3.25,2.6,1.95,1.9
Dumbarton,Stirling,H,2,0,8.0,8.0,4.0,3.0,3.0,3.0,6,3,0,1,1.9,3.5,3.4,1.98,1.88
Elgin,East Fife,A,1,3,14.0,7.0,4.0,3.0,3.0,3.0,1,0,0,0,2.9,3.5,2.1,1.75,2.05
Stenhousemuir,Albion Rvs,H,1,0,12.0,10.0,5.0,2.0,2.0,5.0,4,3,0,0,1.9,3.6,3.5,1.85,2.0
Stranraer,Annan Athletic,H,1,0,10.0,8.0,5.0,3.0,4.0,5.0,3,1,0,0,2.9,3.3,2.2,1.95,1.9
Albion Rvs,Dumbarton,A,1,2,8.0,13.0,4.0,7.0,2.0,2.0,2,4,1,0,2.5,3.3,2.4,1.95,1.9
Annan Athletic,Stenhousemuir,H,2,1,15.0,11.0,9.0,2.0,5.0,6.0,3,2,0,0,2.25,3.2,2.87,1.93,1.93
East Fife,Bonnyrigg Rose,A,0,3,5.0,6.0,2.0,4.0,0.0,2.0,0,2,0,1,2.4,3.5,2.4,1.7,2.1
Forfar,Stranraer,H,2,0,11.0,8.0,7.0,4.0,9.0,5.0,1,1,0,0,1.85,3.4,3.6,1.98,1.88
Stirling,Elgin,D,2,2,10.0,8.0,6.0,3.0,4.0,4.0,1,1,0,1,2.05,3.3,3.1,1.95,1.9
Albion Rvs,East Fife,A,0,1,13.0,9.0,6.0,2.0,5.0,4.0,1,2,0,0,2.45,3.3,2.45,1.88,1.98
Dumbarton,Annan Athletic,H,4,0,11.0,16.0,7.0,5.0,2.0,12.0,3,3,0,0,2.1,3.3,3.0,1.88,1.98
Forfar,Elgin,D,2,2,20.0,2.0,10.0,2.0,10.0,1.0,4,1,0,2,1.72,3.6,3.8,1.88,1.98
Stirling,Stenhousemuir,H,3,0,21.0,5.0,10.0,1.0,10.0,0.0,3,0,0,1,2.3,3.4,2.62,1.88,1.98
Stranraer,Bonnyrigg Rose,D,2,2,8.0,8.0,4.0,4.0,7.0,6.0,4,2,1,0,2.62,3.5,2.2,1.8,2.0
Annan Athletic,Stirling,A,1,2,4.0,18.0,2.0,10.0,0.0,8.0,3,1,0,0,2.05,3.4,3.2,1.88,1.98
Bonnyrigg Rose,Albion Rvs,A,0,2,5.0,12.0,4.0,4.0,1.0,4.0,1,1,0,0,1.6,4.0,5.0,1.7,2.1
East Fife,Forfar,H,1,0,9.0,7.0,7.0,2.0,11.0,5.0,2,2,0,0,2.45,3.4,2.55,1.8,2.0
Elgin,Stranraer,D,2,2,15.0,11.0,6.0,6.0,6.0,12.0,1,4,0,0,2.45,3.4,2.55,1.88,1.98
Stenhousemuir,Dumbarton,A,1,3,6.0,8.0,3.0,4.0,6.0,8.0,2,3,0,0,2.37,3.3,2.7,1.9,1.95
Albion Rvs,Annan Athletic,D,2,2,8.0,10.0,2.0,4.0,6.0,3.0,2,2,0,0,2.8,3.4,2.25,1.8,2.0
Bonnyrigg Rose,Stirling,H,1,0,10.0,10.0,4.0,4.0,4.0,8.0,2,2,0,0,2.1,3.3,3.1,1.8,2.0
Dumbarton,Elgin,H,2,1,8.0,11.0,4.0,3.0,4.0,1.0,6,4,0,0,1.72,3.75,4.2,1.8,2.0
Forfar,Stenhousemuir,A,1,2,17.0,10.0,6.0,6.0,5.0,5.0,2,2,0,0,2.1,3.4,3.1,1.8,2.0
Stranraer,East Fife,D,2,2,7.0,10.0,2.0,4.0,2.0,0.0,3,1,1,0,2.45,3.3,2.55,1.8,2.0
Annan Athletic,Forfar,H,2,1,4.0,16.0,2.0,4.0,0.0,5.0,1,3,0,0,2.5,3.3,2.45,1.9,1.95
East Fife,Dumbarton,A,0,1,5.0,6.0,1.0,1.0,1.0,2.0,2,2,0,0,2.55,3.4,2.37,1.88,1.98
Elgin,Bonnyrigg Rose,H,2,0,15.0,8.0,10.0,1.0,5.0,7.0,1,1,0,0,2.9,3.5,2.1,1.72,2.07
Stenhousemuir,Stranraer,H,3,1,13.0,11.0,5.0,2.0,5.0,5.0,2,2,0,1,2.1,3.5,2.8,1.8,2.0
Stirling,Albion Rvs,D,1,1,16.0,5.0,5.0,2.0,6.0,3.0,1,3,0,0,1.8,3.6,3.5,1.88,1.98
Albion Rvs,Forfar,A,0,2,4.0,15.0,2.0,9.0,3.0,10.0,2,3,0,0,2.75,3.6,2.2,1.85,1.95
Annan Athletic,East Fife,D,2,2,12.0,3.0,5.0,1.0,6.0,1.0,1,2,0,0,2.1,3.6,2.9,1.8,2.0
Dumbarton,Bonnyrigg Rose,H,1,0,8.0,7.0,4.0,1.0,3.0,3.0,2,4,0,0,2.0,3.6,3.2,1.8,2.0
Stenhousemuir,Elgin,D,3,3,15.0,8.0,4.0,6.0,12.0,3.0,1,4,0,0,1.9,3.75,3.3,1.75,2.05
Stirling,Stranraer,H,4,1,19.0,6.0,9.0,3.0,9.0,5.0,1,0,0,0,1.9,3.6,3.4,1.8,2.0
East Fife,Stenhousemuir,A,1,2,6.0,13.0,2.0,7.0,7.0,5.0,0,4,1,0,2.25,3.1,3.1,2.0,1.85
Stranraer,Dumbarton,H,3,2,8.0,5.0,5.0,2.0,2.0,4.0,4,2,1,0,3.6,3.4,1.95,1.75,2.05
Forfar,Stirling,A,1,4,13.0,16.0,6.0,8.0,3.0,2.0,2,1,0,0,2.2,3.2,3.2,1.95,1.9
Bonnyrigg Rose,Stenhousemuir,A,2,4,12.0,11.0,6.0,7.0,8.0,4.0,2,2,0,0,2.3,3.5,2.9,1.8,2.0
East Fife,Stirling,A,1,2,2.0,11.0,2.0,7.0,2.0,6.0,4,4,0,0,2.62,3.4,2.45,1.98,1.88
Elgin,Annan Athletic,H,5,1,11.0,9.0,7.0,3.0,4.0,6.0,2,2,0,0,2.25,3.5,2.87,1.72,2.07
Forfar,Dumbarton,D,0,0,12.0,16.0,4.0,5.0,4.0,5.0,3,2,0,0,3.1,3.5,2.2,1.8,2.0
Stranraer,Albion Rvs,H,2,1,15.0,9.0,5.0,1.0,6.0,5.0,4,0,0,0,2.05,3.4,3.4,1.75,2.05
Albion Rvs,Bonnyrigg Rose,H,2,1,14.0,9.0,5.0,3.0,3.0,5.0,3,2,0,1,3.3,3.3,2.0,1.88,1.98
Forfar,East Fife,A,1,3,15.0,14.0,4.0,8.0,3.0,9.0,2,2,0,0,2.05,3.3,3.1,1.88,1.98
Stenhousemuir,Annan Athletic,D,2,2,26.0,10.0,10.0,5.0,8.0,5.0,2,2,0,1,1.95,3.3,3.3,1.8,2.0
Stirling,Dumbarton,H,6,0,13.0,3.0,9.0,0.0,10.0,1.0,0,1,0,0,2.45,3.4,2.5,1.88,1.98
Stranraer,Elgin,A,2,3,13.0,8.0,4.0,4.0,12.0,2.0,1,3,1,0,2.2,3.5,2.87,1.57,2.35
Bonnyrigg Rose,Annan Athletic,H,2,0,11.0,6.0,5.0,1.0,4.0,1.0,2,1,0,0,2.25,3.3,2.75,1.75,2.05
Elgin,Albion Rvs,H,1,0,7.0,12.0,5.0,5.0,6.0,5.0,4,2,0,0,1.8,3.75,4.2,1.72,2.07
Annan Athletic,Stranraer,D,1,1,9.0,10.0,4.0,4.0,2.0,3.0,3,3,0,0,2.1,3.3,3.0,1.8,2.0
Bonnyrigg Rose,East Fife,A,1,4,7.0,10.0,2.0,8.0,4.0,5.0,2,3,0,0,2.15,3.2,3.0,1.9,1.95
Dumbarton,Albion Rvs,D,1,1,7.0,12.0,3.0,5.0,6.0,5.0,2,4,1,0,1.57,3.8,4.75,1.72,2.07
Elgin,Forfar,A,0,1,7.0,7.0,3.0,4.0,3.0,3.0,3,4,0,1,2.5,3.2,2.6,1.85,2.0
Stenhousemuir,Stirling,A,1,3,10.0,7.0,5.0,4.0,10.0,3.0,3,2,0,0,2.45,3.25,2.5,1.75,2.05
Albion Rvs,Stenhousemuir,D,2,2,11.0,8.0,6.0,4.0,5.0,8.0,1,1,1,0,2.75,3.4,2.25,1.7,2.1
Annan Athletic,Dumbarton,A,0,1,5.0,4.0,1.0,2.0,5.0,2.0,2,2,0,0,2.5,3.25,2.5,1.8,2.0
East Fife,Elgin,H,2,1,5.0,5.0,2.0,3.0,2.0,3.0,2,5,0,1,2.3,3.6,2.62,1.57,2.35
Stirling,Bonnyrigg Rose,H,2,1,11.0,1.0,4.0,1.0,6.0,0.0,5,4,0,1,1.61,3.75,4.5,1.75,2.05
Stranraer,Forfar,H,1,0,12.0,12.0,6.0,4.0,2.0,6.0,1,3,0,0,2.4,3.4,2.6,1.75,2.05
Albion Rvs,Stirling,D,1,1,3.0,6.0,1.0,3.0,3.0,6.0,2,1,0,1,3.8,3.3,1.85,1.9,1.95
Bonnyrigg Rose,Elgin,A,2,3,10.0,5.0,6.0,3.0,10.0,2.0,3,1,0,0,2.2,3.5,2.8,1.72,2.07
Dumbarton,Stranraer,H,2,0,11.0,19.0,4.0,6.0,9.0,6.0,1,0,0,0,2.0,3.4,3.2,1.7,2.1
Forfar,Annan Athletic,A,1,4,6.0,22.0,4.0,12.0,2.0,7.0,2,0,0,0,2.1,3.3,3.0,1.75,2.05
Stenhousemuir,East Fife,D,2,2,10.0,14.0,6.0,8.0,5.0,10.0,2,3,1,0,2.1,3.2,3.1,1.75,2.05
East Fife,Albion Rvs,A,2,3,8.0,7.0,5.0,3.0,3.0,2.0,4,2,1,0,1.95,3.3,3.4,1.95,1.9
Elgin,Dumbarton,A,0,4,4.0,7.0,2.0,5.0,3.0,3.0,3,2,0,0,2.7,3.3,2.25,1.88,1.98
Forfar,Bonnyrigg Rose,D,1,1,12.0,9.0,4.0,3.0,8.0,9.0,2,2,0,0,2.1,3.4,2.9,1.9,1.95
Stirling,Annan Athletic,A,0,2,10.0,13.0,0.0,5.0,6.0,9.0,0,2,1,0,1.57,3.8,5.25,1.72,2.07
Stranraer,Stenhousemuir,H,3,2,11.0,9.0,5.0,4.0,2.0,3.0,0,1,1,0,2.45,3.3,2.45,1.77,2.1
Albion Rvs,Stranraer,H,1,0,14.0,10.0,4.0,3.0,7.0,6.0,2,2,0,0,2.55,3.3,2.55,1.9,1.95
Annan Athletic,Elgin,A,1,3,9.0,8.0,2.0,5.0,7.0,6.0,2,2,0,0,1.83,3.75,3.6,1.57,2.35
Dumbarton,Forfar,D,2,2,6.0,3.0,3.0,2.0,6.0,2.0,1,3,0,1,1.9,3.5,3.4,1.9,1.95
Stenhousemuir,Bonnyrigg Rose,D,1,1,16.0,16.0,6.0,5.0,5.0,3.0,3,4,0,0,1.83,3.75,3.5,1.61,2.25
Stirling,East Fife,H,3,1,8.0,12.0,6.0,5.0,5.0,4.0,2,1,0,0,1.66,3.8,4.33,1.65,2.2
Stranraer,Annan Athletic,D,1,1,2.0,2.0,1.0,2.0,7.0,6.0,1,2,0,0,2.25,3.4,2.6,1.7,2.1
Bonnyrigg Rose,Dumbarton,D,1,1,9.0,3.0,5.0,2.0,7.0,4.0,2,4,0,0,2.8,3.5,2.1,1.8,2.0
East Fife,Annan Athletic,A,1,3,7.0,5.0,3.0,4.0,6.0,8.0,1,2,0,0,2.25,3.6,2.55,1.7,2.1
Elgin,Stenhousemuir,H,2,1,9.0,10.0,4.0,3.0,1.0,5.0,1,1,0,0,2.45,3.5,2.5,1.57,2.35
Forfar,Albion Rvs,H,1,0,15.0,6.0,5.0,3.0,10.0,6.0,3,3,0,0,1.85,3.6,3.25,1.8,2.0
Stranraer,Stirling,H,3,1,17.0,12.0,5.0,5.0,3.0,4.0,0,3,0,0,2.9,3.5,2.05,1.7,2.1
East Fife,Bonnyrigg Rose,D,0,0,6.0,7.0,3.0,3.0,6.0,2.0,1,2,0,1,2.1,3.5,2.88,1.67,2.15
Stenhousemuir,Forfar,A,1,2,10.0,11.0,6.0,3.0,4.0,3.0,1,2,0,0,2.05,3.5,3.0,1.67,2.15
Annan Athletic,Albion Rvs,H,5,1,11.0,9.0,7.0,5.0,5.0,5.0,0,0,0,0,1.65,3.5,4.33,1.75,2.05
Bonnyrigg Rose,Stranraer,H,3,2,9.0,6.0,6.0,6.0,3.0,3.0,1,2,0,0,2.6,3.25,2.4,1.73,2.15
Elgin,Stirling,A,1,2,4.0,12.0,3.0,4.0,2.0,10.0,1,3,1,0,3.0,3.3,2.2,1.67,2.15
Dumbarton,East Fife,H,2,0,9.0,4.0,3.0,2.0,7.0,2.0,0,2,0,0,1.8,3.6,3.5,1.67,2.15
Albion Rvs,Dumbarton,A,0,1,12.0,3.0,2.0,3.0,12.0,4.0,4,5,0,0,3.25,3.2,2.05,2.05,1.8
Stirling,Stenhousemuir,H,3,1,8.0,9.0,5.0,3.0,8.0,4.0,0,3,0,0,1.8,3.75,3.4,1.6,2.3
Forfar,Elgin,A,0,1,9.0,11.0,1.0,4.0,5.0,9.0,2,0,1,0,2.25,3.5,2.63,1.62,2.25
Annan Athletic,Forfar,A,0,2,13.0,6.0,3.0,2.0,5.0,4.0,1,4,0,0,2.05,3.75,3.3,1.73,2.08
Bonnyrigg Rose,Albion Rvs,A,0,4,5.0,11.0,3.0,6.0,5.0,6.0,3,1,0,0,2.25,3.4,3.1,2.02,1.83
Elgin,East Fife,A,1,2,10.0,13.0,3.0,6.0,5.0,8.0,1,5,0,0,2.05,3.5,3.4,1.62,2.25
Stenhousemuir,Stranraer,H,2,1,6.0,11.0,4.0,3.0,5.0,6.0,2,2,0,0,2.25,3.4,3.1,1.65,2.2
East Fife,Stenhousemuir,D,1,1,7.0,7.0,2.0,4.0,6.0,8.0,4,0,0,0,2.15,3.75,2.9,1.57,2.35
Elgin,Annan Athletic,D,1,1,10.0,13.0,4.0,4.0,2.0,6.0,0,0,0,0,2.15,3.4,3.0,1.7,2.1
Forfar,Dumbarton,H,2,1,12.0,6.0,5.0,2.0,8.0,4.0,2,4,0,1,2.8,3.4,2.3,1.8,2.0
Stranraer,Albion Rvs,A,0,4,5.0,21.0,0.0,11.0,3.0,11.0,3,0,0,0,2.0,3.5,3.3,1.8,2.0
Annan Athletic,Bonnyrigg Rose,H,4,0,10.0,1.0,7.0,1.0,1.0,3.0,1,4,0,0,1.8,3.6,3.6,1.67,2.15
East Fife,Stranraer,A,1,3,10.0,10.0,3.0,9.0,5.0,3.0,3,4,0,0,2.1,3.4,2.88,1.67,2.15
Albion Rvs,Forfar,A,0,1,7.0,7.0,2.0,3.0,4.0,4.0,1,3,0,0,2.63,3.1,2.45,2.05,1.8
Annan Athletic,East Fife,H,3,0,10.0,4.0,6.0,2.0,4.0,6.0,2,0,0,1,1.85,3.6,3.4,1.62,2.25
Dumbarton,Bonnyrigg Rose,H,1,0,7.0,7.0,2.0,2.0,5.0,9.0,0,2,0,0,1.55,3.6,5.5,1.9,1.95
Stenhousemuir,Elgin,H,2,0,10.0,13.0,4.0,1.0,4.0,2.0,2,4,0,0,2.1,3.5,2.9,1.53,2.4
Stirling,Stranraer,H,1,0,16.0,8.0,7.0,2.0,6.0,5.0,1,1,0,0,1.65,3.8,4.33,1.57,2.35
Bonnyrigg Rose,Annan Athletic,A,1,2,5.0,6.0,4.0,4.0,9.0,7.0,2,1,0,0,3.0,3.5,2.1,1.75,2.05
East Fife,Stirling,D,1,1,8.0,5.0,2.0,3.0,10.0,3.0,1,4,0,1,3.6,3.6,1.85,1.8,2.0
Elgin,Albion Rvs,D,1,1,6.0,5.0,3.0,3.0,5.0,3.0,2,4,0,0,2.2,3.4,2.9,1.88,1.98
Forfar,Stranraer,H,2,1,5.0,8.0,3.0,3.0,2.0,4.0,1,1,0,0,1.73,3.6,3.75,1.98,1.88
Stenhousemuir,Dumbarton,D,1,1,7.0,10.0,1.0,3.0,11.0,2.0,2,2,0,0,2.75,3.2,2.4,1.9,1.95
Albion Rvs,East Fife,A,0,1,5.0,9.0,1.0,5.0,4.0,6.0,2,2,0,0,2.0,3.5,3.3,1.8,2.0
Dumbarton,Annan Athletic,H,2,1,7.0,13.0,3.0,3.0,3.0,8.0,2,2,0,0,2.2,3.4,2.88,2.02,1.83
Forfar,Stenhousemuir,D,1,1,11.0,12.0,5.0,5.0,6.0,9.0,0,1,0,0,1.95,4.0,3.4,1.8,2.0
Stranraer,Bonnyrigg Rose,A,0,1,10.0,13.0,3.0,3.0,4.0,8.0,1,1,1,0,1.91,3.75,3.2,1.7,2.1
Bonnyrigg Rose,Stirling,A,1,2,10.0,8.0,3.0,4.0,5.0,4.0,3,2,0,0,4.2,3.75,1.7,1.73,2.08
Annan Athletic,Stirling,D,2,2,13.0,5.0,5.0,4.0,10.0,2.0,3,3,0,1,2.7,3.4,2.38,1.7,2.1
East Fife,Dumbarton,H,2,0,3.0,9.0,3.0,2.0,2.0,10.0,2,0,0,0,3.0,3.25,2.2,2.02,1.83
Elgin,Stranraer,A,0,1,9.0,7.0,2.0,1.0,4.0,3.0,3,3,0,0,2.25,3.3,2.88,1.73,2.08
Stenhousemuir,Albion Rvs,H,2,0,10.0,13.0,8.0,3.0,6.0,8.0,2,1,0,0,2.05,3.3,3.3,1.9,1.95
Albion Rvs,Elgin,H,3,0,10.0,5.0,4.0,2.0,3.0,1.0,2,2,0,0,2.3,3.3,2.6,1.9,1.95
Albion Rvs,Annan Athletic,A,0,2,7.0,6.0,2.0,3.0,4.0,0.0,2,0,0,0,2.75,3.2,2.38,1.85,2.0
Bonnyrigg Rose,Stenhousemuir,A,0,1,8.0,7.0,5.0,4.0,5.0,6.0,1,1,1,0,2.6,3.25,2.45,1.7,2.1
Dumbarton,Elgin,A,1,2,7.0,14.0,4.0,7.0,2.0,3.0,3,3,0,0,1.65,3.5,4.5,1.85,1.95
Forfar,Stirling,D,0,0,6.0,14.0,3.0,5.0,2.0,10.0,1,1,0,0,3.25,3.2,2.15,1.83,2.02
Stranraer,East Fife,H,2,0,6.0,5.0,2.0,3.0,3.0,6.0,1,2,0,0,2.38,3.4,2.63,1.67,2.15
Bonnyrigg Rose,Forfar,D,1,1,6.0,7.0,2.0,2.0,5.0,3.0,2,5,0,0,3.2,3.2,2.05,1.9,1.95
Dumbarton,Stenhousemuir,H,1,0,11.0,12.0,6.0,6.0,6.0,6.0,0,2,0,0,2.15,3.3,3.0,1.93,1.93
Annan Athletic,Stenhousemuir,A,2,3,9.0,11.0,2.0,3.0,11.0,13.0,1,3,0,0,2.1,3.5,3.0,1.73,2.08
East Fife,Forfar,H,3,2,8.0,7.0,5.0,3.0,6.0,5.0,5,1,0,0,2.45,3.5,2.45,1.9,1.95
Elgin,Bonnyrigg Rose,A,0,1,9.0,4.0,3.0,1.0,5.0,2.0,1,0,0,0,1.85,3.5,3.4,1.8,2.0
Stirling,Albion Rvs,H,3,2,9.0,7.0,3.0,3.0,8.0,7.0,4,2,0,1,1.53,3.8,5.0,1.7,2.1
Stranraer,Dumbarton,A,0,2,8.0,9.0,1.0,4.0,3.0,4.0,3,2,0,0,3.2,3.5,2.0,1.7,2.1
Annan Athletic,Elgin,H,4,1,13.0,7.0,9.0,2.0,6.0,0.0,2,4,0,1,1.8,3.5,3.75,1.7,2.1
Stenhousemuir,East Fife,A,1,2,5.0,6.0,1.0,5.0,5.0,4.0,0,2,0,0,2.1,3.5,2.9,1.7,2.1
Stirling,Bonnyrigg Rose,H,2,1,10.0,4.0,5.0,2.0,2.0,2.0,4,2,0,0,1.53,4.2,4.75,1.6,2.3
Bonnyrigg Rose,East Fife,D,1,1,12.0,7.0,5.0,2.0,13.0,8.0,1,3,0,0,2.6,3.4,2.3,1.7,2.1
Dumbarton,Albion Rvs,A,1,5,6.0,13.0,1.0,9.0,7.0,3.0,4,1,0,0,1.7,3.6,4.0,1.8,2.0
Forfar,Annan Athletic,H,2,1,2.0,8.0,2.0,2.0,8.0,5.0,2,4,0,0,2.1,3.6,2.8,1.65,2.2
Stranraer,Stirling,D,1,1,7.0,4.0,5.0,2.0,9.0,5.0,2,0,0,0,3.25,3.6,1.91,1.73,2.08
Albion Rvs,Stranraer,A,0,1,15.0,5.0,5.0,2.0,3.0,5.0,0,2,0,1,2.15,3.2,3.1,1.95,1.9
Stirling,Forfar,H,2,0,9.0,6.0,5.0,0.0,6.0,2.0,3,1,0,0,1.73,3.4,4.33,1.95,1.9
East Fife,Elgin,H,2,0,15.0,4.0,6.0,1.0,3.0,4.0,1,3,0,0,2.2,3.1,3.2,1.85,2.0
Albion Rvs,Bonnyrigg Rose,A,0,1,12.0,9.0,4.0,3.0,1.0,7.0,2,2,0,0,1.85,3.6,3.4,1.85,1.95
Annan Athletic,Stranraer,D,0,0,10.0,8.0,1.0,2.0,6.0,7.0,2,1,0,0,1.85,3.5,4.0,1.62,2.25
Stenhousemuir,Forfar,D,1,1,10.0,9.0,6.0,3.0,5.0,9.0,2,2,0,0,2.15,3.4,2.9,1.8,2.0
Stirling,Dumbarton,D,2,2,15.0,6.0,9.0,3.0,5.0,2.0,5,4,0,0,1.85,3.5,3.6,1.75,2.05
Dumbarton,Forfar,A,0,1,11.0,10.0,3.0,2.0,8.0,5.0,1,0,0,0,2.0,3.4,3.5,1.85,1.95
Bonnyrigg Rose,Stranraer,H,1,0,9.0,7.0,3.0,5.0,8.0,3.0,4,2,0,0,2.63,3.25,2.38,1.7,2.1
Dumbarton,Stenhousemuir,A,1,2,9.0,14.0,4.0,3.0,2.0,7.0,4,1,0,0,2.05,3.25,3.25,1.93,1.93
East Fife,Annan Athletic,A,0,1,3.0,8.0,0.0,4.0,1.0,5.0,5,5,0,0,2.7,3.4,2.25,1.62,2.25
Elgin,Stirling,A,0,3,8.0,8.0,1.0,7.0,3.0,7.0,3,3,0,0,4.2,3.75,1.67,1.75,2.05
Forfar,Albion Rvs,H,2,1,10.0,7.0,5.0,4.0,12.0,2.0,2,0,0,0,1.91,3.2,3.75,2.02,1.83
Stirling,Elgin,H,1,0,12.0,11.0,4.0,3.0,2.0,5.0,1,1,0,0,1.4,4.75,5.5,1.73,2.08
Albion Rvs,Elgin,H,3,0,11.0,3.0,7.0,3.0,6.0,1.0,1,3,0,0,2.0,3.3,3.2,1.95,1.9
Annan Athletic,Dumbarton,H,3,1,18.0,6.0,13.0,2.0,6.0,1.0,0,6,0,0,1.95,3.3,3.5,1.7,2.1
Stenhousemuir,Bonnyrigg Rose,D,0,0,4.0,5.0,2.0,1.0,5.0,5.0,1,1,0,0,1.95,3.4,3.3,1.83,2.02
Stirling,East Fife,D,2,2,11.0,8.0,4.0,4.0,6.0,3.0,3,1,0,1,1.73,3.5,4.0,1.7,2.1
Stranraer,Forfar,D,0,0,12.0,5.0,3.0,0.0,2.0,3.0,1,0,0,0,2.2,3.3,2.88,1.83,2.02
Elgin,Stenhousemuir,D,1,1,10.0,4.0,2.0,2.0,4.0,8.0,0,2,0,0,3.1,3.4,2.1,1.75,2.05
Annan Athletic,Albion Rvs,H,4,0,10.0,4.0,7.0,1.0,10.0,4.0,1,1,0,1,1.75,3.5,4.0,1.83,2.02
Bonnyrigg Rose,Dumbarton,A,0,2,5.0,9.0,2.0,3.0,1.0,2.0,4,3,1,0,3.0,3.3,2.1,2.02,1.83
East Fife,Stranraer,H,8,0,18.0,2.0,9.0,0.0,4.0,4.0,1,2,0,1,2.05,3.2,3.4,2.02,1.83
Elgin,Forfar,H,2,0,8.0,7.0,6.0,1.0,2.0,3.0,0,1,0,0,2.63,3.2,2.63,1.95,1.9
Stenhousemuir,Stirling,A,0,1,9.0,14.0,1.0,6.0,3.0,3.0,1,1,0,0,3.1,3.4,2.05,1.7,2.1
Dumbarton,Stirling,D,0,0,11.0,11.0,3.0,1.0,5.0,7.0,2,2,0,0,2.88,3.75,2.0,1.98,1.88
Albion Rvs,Stenhousemuir,H,3,1,13.0,9.0,7.0,3.0,9.0,3.0,1,1,0,0,2.45,3.4,2.4,1.7,2.1
Dumbarton,East Fife,H,1,0,6.0,3.0,3.0,2.0,4.0,5.0,1,1,0,0,2.45,3.4,2.45,1.85,2.0
Forfar,Bonnyrigg Rose,A,0,1,7.0,2.0,5.0,2.0,3.0,7.0,0,2,0,0,1.95,3.6,3.0,2.0,1.85
Stirling,Annan Athletic,H,3,1,8.0,7.0,4.0,3.0,4.0,4.0,1,2,0,1,1.85,3.75,3.3,1.7,2.1
Stranraer,Elgin,H,3,1,12.0,5.0,7.0,2.0,4.0,2.0,0,0,0,0,2.0,3.4,3.1,1.9,1.95
Annan Athletic,Bonnyrigg Rose,D,0,0,8.0,6.0,3.0,2.0,2.0,4.0,2,5,0,0,1.73,3.75,3.8,1.73,2.08
East Fife,Albion Rvs,H,2,1,6.0,9.0,4.0,2.0,4.0,8.0,4,2,0,0,1.85,3.6,3.5,1.7,2.1
Elgin,Dumbarton,H,1,0,7.0,4.0,6.0,3.0,1.0,3.0,0,2,0,0,2.5,3.4,2.4,1.8,2.0
Stirling,Forfar,H,2,1,7.0,16.0,6.0,6.0,2.0,10.0,1,1,0,0,1.65,3.8,4.2,1.7,2.1
Stranraer,Stenhousemuir,H,2,0,6.0,6.0,3.0,2.0,3.0,3.0,4,3,0,0,2.7,3.4,2.3,1.7,2.1
Albion Rvs,Stirling,H,2,0,11.0,4.0,5.0,1.0,3.0,2.0,0,1,0,0,3.2,4.2,1.8,1.65,2.2
Bonnyrigg Rose,Elgin,H,3,0,14.0,4.0,8.0,2.0,7.0,5.0,1,1,0,0,2.1,3.4,3.0,1.7,2.1
Dumbarton,Stranraer,D,1,1,8.0,5.0,6.0,1.0,5.0,10.0,2,1,0,0,2.1,3.5,2.88,1.67,2.15
Forfar,East Fife,H,1,0,8.0,16.0,3.0,5.0,5.0,11.0,0,1,1,0,2.15,3.4,2.88,1.75,2.05
Stenhousemuir,Annan Athletic,H,2,1,11.0,13.0,5.0,7.0,5.0,5.0,7,2,0,0,2.75,3.6,2.2,1.57,2.35
Bonnyrigg Rose,Dumbarton,D,1,1,9.0,13.0,4.0,6.0,10.0,4.0,3,2,0,0,2.45,3.4,2.45,1.93,1.93
East Fife,Peterhead,A,0,3,5.0,10.0,3.0,6.0,4.0,4.0,2,3,0,0,1.75,3.6,3.8,1.8,2.05
Elgin,Stranraer,A,0,1,10.0,6.0,3.0,2.0,5.0,6.0,0,1,0,0,2.3,3.4,2.6,1.8,2.05
Spartans,Clyde,D,1,1,6.0,7.0,2.0,3.0,6.0,2.0,1,1,0,0,1.57,3.75,4.75,1.73,2.08
Stenhousemuir,Forfar,D,0,0,12.0,9.0,3.0,5.0,6.0,7.0,2,2,0,0,2.15,3.3,2.9,1.8,2.0
Clyde,Bonnyrigg Rose,A,0,2,6.0,9.0,1.0,5.0,4.0,5.0,0,2,0,0,1.91,3.4,3.6,1.75,2.05
Dumbarton,Spartans,D,1,1,3.0,2.0,2.0,1.0,4.0,7.0,1,3,0,0,1.8,3.5,4.0,1.9,1.9
Forfar,Elgin,D,0,0,11.0,7.0,3.0,3.0,4.0,6.0,1,3,0,0,1.75,3.6,3.75,1.95,1.85
Peterhead,Stenhousemuir,D,0,0,9.0,8.0,2.0,1.0,4.0,6.0,1,2,1,0,2.25,3.4,2.8,1.75,2.05
Stranraer,East Fife,D,1,1,3.0,14.0,3.0,8.0,6.0,6.0,2,1,1,0,2.7,3.3,2.4,1.95,1.85
Bonnyrigg Rose,Stranraer,D,1,1,5.0,5.0,3.0,2.0,2.0,4.0,2,1,0,0,2.4,3.4,2.5,2.05,1.75
Clyde,Peterhead,A,1,2,3.0,11.0,3.0,5.0,2.0,1.0,2,1,1,1,2.55,3.4,2.3,1.9,1.95
Dumbarton,Forfar,H,3,1,14.0,6.0,4.0,3.0,9.0,5.0,0,1,0,0,2.45,3.4,2.45,2.05,1.75
East Fife,Stenhousemuir,A,0,2,6.0,6.0,3.0,4.0,6.0,3.0,2,3,0,0,2.25,3.4,2.7,1.75,2.05
Spartans,Elgin,H,2,1,11.0,8.0,6.0,3.0,5.0,3.0,0,0,0,0,1.57,3.8,4.5,1.73,2.08
Elgin,East Fife,D,1,1,8.0,10.0,3.0,4.0,2.0,5.0,4,2,0,0,2.55,3.3,2.38,1.8,2.0
Forfar,Bonnyrigg Rose,A,1,2,9.0,8.0,4.0,3.0,3.0,4.0,2,1,1,0,2.05,3.3,3.0,2.03,1.83
Peterhead,Spartans,A,0,1,5.0,11.0,2.0,6.0,3.0,5.0,4,1,0,0,2.15,3.4,2.8,1.8,2.0
Stenhousemuir,Dumbarton,A,2,4,10.0,12.0,5.0,8.0,9.0,7.0,4,5,0,1,2.15,3.25,3.0,1.8,2.0
Stranraer,Clyde,H,1,0,15.0,9.0,3.0,4.0,7.0,3.0,1,1,0,0,1.83,3.6,3.5,1.8,2.0
Bonnyrigg Rose,Elgin,H,5,1,13.0,11.0,6.0,3.0,6.0,3.0,1,1,0,0,1.75,3.5,4.2,1.8,2.05
Clyde,Forfar,D,0,0,7.0,7.0,5.0,1.0,3.0,2.0,2,2,0,0,2.5,3.3,2.5,2.0,1.85
Dumbarton,East Fife,H,1,0,10.0,7.0,3.0,2.0,3.0,4.0,1,2,0,0,1.8,3.75,3.75,1.8,2.0
Spartans,Stenhousemuir,A,0,1,7.0,9.0,2.0,4.0,10.0,3.0,1,0,0,1,1.83,3.5,3.75,1.75,2.05
Stranraer,Peterhead,H,2,1,14.0,11.0,7.0,5.0,6.0,5.0,3,3,0,0,2.1,3.4,3.0,1.93,1.93
East Fife,Clyde,H,2,0,9.0,6.0,4.0,3.0,4.0,0.0,2,2,0,0,2.0,3.6,3.5,1.85,2.0
Elgin,Dumbarton,H,2,0,11.0,11.0,4.0,2.0,7.0,7.0,1,0,0,0,3.5,3.4,2.0,1.88,1.98
Forfar,Spartans,D,2,2,8.0,12.0,6.0,7.0,5.0,4.0,3,2,0,0,2.5,3.5,2.63,1.95,1.9
Peterhead,Bonnyrigg Rose,H,2,1,10.0,8.0,4.0,2.0,2.0,3.0,5,2,0,0,2.5,3.4,2.63,1.95,1.85
Stenhousemuir,Stranraer,H,5,0,10.0,3.0,8.0,2.0,8.0,3.0,2,3,0,0,2.2,3.3,3.25,1.93,1.93
Bonnyrigg Rose,Stenhousemuir,A,0,1,8.0,11.0,3.0,5.0,4.0,2.0,5,3,0,0,2.38,3.25,3.1,1.98,1.88
Clyde,Elgin,H,2,1,11.0,13.0,4.0,2.0,7.0,2.0,2,2,0,0,2.3,3.4,3.1,1.95,1.9
Dumbarton,Peterhead,A,0,1,11.0,16.0,3.0,5.0,11.0,7.0,2,2,1,0,2.15,3.4,3.4,1.93,1.93
Spartans,East Fife,D,2,2,7.0,10.0,2.0,8.0,5.0,2.0,2,2,0,0,1.95,3.6,3.8,1.93,1.93
Stranraer,Forfar,A,0,2,9.0,11.0,5.0,6.0,9.0,8.0,1,2,0,0,2.3,3.3,3.1,2.03,1.83
Dumbarton,Stranraer,H,3,1,10.0,6.0,5.0,1.0,8.0,3.0,2,3,0,0,1.83,3.4,4.2,1.85,1.95
East Fife,Forfar,D,1,1,2.0,9.0,1.0,3.0,4.0,3.0,1,2,0,0,2.3,3.2,3.2,2.05,1.8
Peterhead,Elgin,H,6,0,13.0,4.0,8.0,1.0,4.0,2.0,0,5,0,0,1.7,3.8,4.75,1.83,2.03
Spartans,Bonnyrigg Rose,D,2,2,7.0,9.0,3.0,4.0,6.0,4.0,2,1,0,0,2.2,3.3,3.3,2.05,1.75
Stenhousemuir,Clyde,D,2,2,13.0,12.0,8.0,4.0,5.0,4.0,2,4,0,0,1.55,4.0,5.5,1.85,2.0
Clyde,Dumbarton,A,0,4,10.0,11.0,4.0,6.0,6.0,5.0,2,2,0,0,4.0,3.3,1.95,1.93,1.93
Forfar,Peterhead,A,1,3,12.0,10.0,6.0,5.0,8.0,2.0,2,1,0,0,2.45,3.2,2.88,2.05,1.75
Stranraer,Spartans,A,3,4,10.0,14.0,5.0,6.0,11.0,4.0,1,0,0,0,2.6,3.5,2.3,1.98,1.88
Bonnyrigg Rose,Clyde,H,3,2,9.0,13.0,6.0,6.0,2.0,7.0,1,2,0,0,1.7,3.5,4.5,1.9,1.95
East Fife,Stranraer,H,4,0,12.0,0.0,6.0,0.0,5.0,7.0,2,1,0,0,2.0,3.3,3.5,1.83,2.03
Spartans,Dumbarton,H,2,0,8.0,7.0,3.0,1.0,4.0,11.0,1,1,0,0,2.2,3.4,2.88,1.85,2.0
Elgin,Stenhousemuir,D,1,1,11.0,11.0,2.0,4.0,5.0,5.0,3,2,0,1,4.2,4.2,1.57,1.75,2.05
Clyde,Spartans,A,1,2,10.0,7.0,3.0,2.0,5.0,3.0,3,1,0,0,3.3,3.8,1.83,1.75,2.05
Dumbarton,Bonnyrigg Rose,H,4,0,12.0,15.0,7.0,3.0,6.0,9.0,3,1,0,0,1.8,3.75,3.4,1.88,1.98
Forfar,Stenhousemuir,A,1,3,4.0,12.0,2.0,7.0,4.0,5.0,2,1,0,0,2.9,3.5,2.1,1.88,1.98
Peterhead,East Fife,H,2,0,11.0,5.0,6.0,2.0,7.0,6.0,1,3,0,0,1.91,3.6,3.2,1.9,1.95
Stranraer,Elgin,H,3,1,8.0,6.0,6.0,3.0,8.0,4.0,2,2,0,0,1.7,3.5,4.5,1.85,2.0
East Fife,Dumbarton,A,0,1,5.0,6.0,2.0,4.0,4.0,9.0,1,3,0,0,3.1,3.2,2.15,1.85,2.0
Elgin,Bonnyrigg Rose,H,2,0,12.0,9.0,6.0,6.0,1.0,6.0,5,4,0,0,3.4,3.3,1.95,1.8,2.0
Forfar,Clyde,D,1,1,15.0,13.0,6.0,4.0,4.0,5.0,1,0,0,0,1.73,3.5,4.33,1.85,2.0
Peterhead,Stranraer,H,3,2,9.0,8.0,5.0,6.0,3.0,7.0,4,3,0,0,1.67,3.75,4.2,1.83,2.03
Stenhousemuir,Spartans,H,3,2,12.0,9.0,5.0,4.0,6.0,6.0,4,1,0,0,1.95,3.4,3.4,1.8,2.05
Stenhousemuir,Peterhead,H,2,0,16.0,10.0,4.0,3.0,1.0,5.0,2,4,0,0,1.95,3.6,3.4,1.73,2.08
Bonnyrigg Rose,Forfar,A,0,2,6.0,8.0,2.0,5.0,4.0,4.0,0,2,0,0,2.15,3.5,3.0,1.98,1.88
Clyde,East Fife,A,0,4,7.0,10.0,2.0,7.0,5.0,2.0,1,3,0,0,3.1,3.6,2.1,1.93,1.93
Dumbarton,Elgin,H,1,0,8.0,7.0,2.0,2.0,2.0,2.0,1,3,0,0,1.3,5.25,9.0,1.67,2.15
Spartans,Peterhead,A,1,2,9.0,10.0,5.0,4.0,3.0,1.0,2,4,0,0,2.3,3.6,2.8,1.85,2.0
Stranraer,Stenhousemuir,A,0,3,6.0,6.0,3.0,3.0,10.0,2.0,2,1,0,0,3.25,3.8,2.0,1.67,2.15
Bonnyrigg Rose,East Fife,H,4,2,15.0,5.0,10.0,2.0,5.0,4.0,3,2,0,0,3.1,3.5,2.15,1.95,1.9
Elgin,Forfar,H,1,0,6.0,10.0,3.0,3.0,5.0,3.0,2,0,0,0,3.1,3.25,2.3,2.2,1.7
Forfar,Stranraer,D,1,1,16.0,4.0,5.0,1.0,9.0,3.0,2,3,0,0,2.05,3.4,3.5,1.9,1.95
Stenhousemuir,Bonnyrigg Rose,H,1,0,12.0,7.0,6.0,2.0,5.0,3.0,2,2,1,1,1.67,3.8,5.0,1.8,2.0
Bonnyrigg Rose,Peterhead,D,1,1,7.0,9.0,3.0,2.0,9.0,4.0,2,3,0,0,2.63,3.3,2.3,1.8,2.0
Clyde,Stranraer,D,2,2,5.0,5.0,4.0,2.0,4.0,6.0,2,1,0,0,2.4,3.75,2.45,1.75,2.05
Dumbarton,Stenhousemuir,A,0,1,8.0,9.0,2.0,4.0,7.0,4.0,3,1,0,0,2.1,3.75,2.8,1.88,1.98
East Fife,Elgin,H,4,0,10.0,1.0,6.0,1.0,8.0,2.0,0,1,0,0,1.73,3.4,4.33,1.8,2.0
Spartans,Forfar,H,1,0,5.0,7.0,2.0,1.0,2.0,3.0,5,3,0,0,2.0,3.5,3.2,1.85,2.0
Elgin,Spartans,A,0,4,13.0,9.0,4.0,7.0,3.0,4.0,1,4,0,0,3.4,4.0,1.83,1.75,2.05
Forfar,Dumbarton,A,2,4,8.0,12.0,6.0,6.0,3.0,5.0,0,0,0,0,3.0,3.4,2.15,2.0,1.85
Peterhead,Clyde,H,2,1,9.0,6.0,3.0,3.0,5.0,0.0,2,2,1,0,1.55,3.6,5.0,1.7,2.1
Stenhousemuir,East Fife,H,2,1,9.0,10.0,5.0,4.0,5.0,5.0,2,4,0,0,1.8,3.6,3.8,1.85,2.0
Stranraer,Bonnyrigg Rose,H,3,1,11.0,11.0,5.0,3.0,3.0,5.0,0,2,0,0,2.1,3.75,2.8,1.93,1.93
East Fife,Bonnyrigg Rose,A,0,3,6.0,8.0,2.0,4.0,3.0,4.0,2,2,0,0,1.8,3.75,3.8,1.75,2.05
Dumbarton,Clyde,D,4,4,11.0,14.0,7.0,6.0,8.0,6.0,2,3,0,0,1.4,4.33,6.5,1.65,2.2
Peterhead,Forfar,A,1,2,14.0,9.0,5.0,6.0,5.0,2.0,0,3,0,1,1.85,3.5,3.5,2.05,1.75
Spartans,Stranraer,H,3,0,8.0,4.0,3.0,0.0,6.0,3.0,2,0,0,0,1.73,3.6,4.33,1.73,2.08
Stenhousemuir,Elgin,H,2,0,8.0,5.0,3.0,2.0,6.0,3.0,0,1,0,0,1.3,5.25,7.5,1.67,2.15
Clyde,Stenhousemuir,A,1,2,7.0,6.0,2.0,2.0,0.0,0.0,1,2,0,1,4.33,3.8,1.6,1.88,1.98
Elgin,Peterhead,H,2,1,11.0,13.0,6.0,5.0,1.0,6.0,6,3,0,0,4.2,3.6,1.67,1.93,1.93
Forfar,East Fife,D,0,0,7.0,6.0,2.0,4.0,2.0,5.0,1,2,1,0,2.15,3.1,3.1,2.0,1.85
Clyde,Bonnyrigg Rose,H,3,2,10.0,11.0,4.0,4.0,7.0,7.0,1,1,0,0,2.75,3.8,2.1,1.9,1.95
Dumbarton,East Fife,A,1,2,9.0,9.0,3.0,3.0,8.0,5.0,3,3,0,0,1.83,3.6,3.75,1.93,1.93
Elgin,Stranraer,H,2,1,9.0,13.0,5.0,6.0,3.0,2.0,1,2,0,0,2.7,3.8,2.15,1.93,1.93
Peterhead,Spartans,A,0,1,4.0,4.0,3.0,2.0,5.0,2.0,3,1,0,0,2.25,3.6,2.63,1.8,2.0
Stenhousemuir,Forfar,H,2,1,7.0,4.0,4.0,2.0,8.0,3.0,2,0,0,0,1.6,3.8,4.75,2.0,1.85
Peterhead,Dumbarton,H,3,1,16.0,6.0,6.0,3.0,4.0,1.0,3,3,0,0,2.3,3.6,2.6,1.6,2.3
Bonnyrigg Rose,Dumbarton,D,1,1,9.0,17.0,5.0,8.0,6.0,9.0,3,2,0,0,2.7,3.5,2.3,1.9,1.95
East Fife,Clyde,D,1,1,5.0,9.0,1.0,5.0,3.0,4.0,0,2,0,0,1.65,3.6,4.75,1.75,2.05
Forfar,Elgin,H,2,1,14.0,4.0,5.0,1.0,6.0,3.0,2,3,0,1,1.67,3.5,4.75,1.95,1.9
Spartans,Stenhousemuir,A,0,2,8.0,8.0,0.0,6.0,5.0,3.0,0,0,0,0,2.5,3.4,2.5,1.93,1.93
Stranraer,Peterhead,H,2,0,7.0,6.0,4.0,1.0,3.0,4.0,2,2,0,1,3.1,3.4,2.05,1.93,1.93
East Fife,Peterhead,D,2,2,7.0,9.0,3.0,4.0,7.0,6.0,2,3,0,0,2.2,3.6,2.6,1.73,2.08
Stenhousemuir,Stranraer,H,1,0,7.0,9.0,4.0,1.0,4.0,6.0,3,0,1,0,1.3,5.5,6.0,1.65,2.2
Elgin,Dumbarton,A,0,1,12.0,11.0,3.0,5.0,5.0,4.0,1,0,0,0,3.5,3.3,1.85,1.88,1.98
Forfar,Bonnyrigg Rose,D,0,0,7.0,8.0,2.0,3.0,4.0,7.0,1,4,0,0,2.25,3.3,2.88,2.08,1.73
Peterhead,Stenhousemuir,H,2,1,12.0,6.0,5.0,2.0,3.0,6.0,3,4,0,0,3.1,3.4,2.0,1.8,2.0
Spartans,Clyde,D,1,1,6.0,8.0,1.0,4.0,0.0,10.0,2,0,0,0,1.53,3.75,5.75,1.7,2.1
Stranraer,East Fife,A,0,1,7.0,8.0,1.0,4.0,9.0,2.0,2,0,0,0,2.55,3.4,2.5,1.6,2.3
East Fife,Spartans,A,0,3,5.0,8.0,3.0,4.0,2.0,3.0,0,1,0,0,2.45,3.2,2.6,2.15,1.67
Elgin,Clyde,H,2,1,11.0,7.0,5.0,4.0,8.0,4.0,0,2,0,0,2.9,3.3,2.2,2.05,1.75
Bonnyrigg Rose,Stranraer,D,0,0,9.0,9.0,1.0,5.0,7.0,6.0,5,1,0,0,2.05,3.75,2.88,1.88,1.98
Clyde,Peterhead,D,1,1,7.0,9.0,5.0,5.0,4.0,4.0,1,3,0,0,3.0,3.4,2.05,1.7,2.1
Elgin,East Fife,H,1,0,12.0,4.0,5.0,1.0,8.0,6.0,1,1,0,0,2.5,3.6,2.3,1.9,1.95
Forfar,Spartans,H,1,0,7.0,5.0,5.0,2.0,2.0,5.0,2,0,0,0,2.75,3.6,2.1,1.98,1.88
Stenhousemuir,Dumbarton,H,1,0,11.0,8.0,3.0,4.0,5.0,12.0,3,4,0,1,1.8,3.5,3.6,1.75,2.05
Bonnyrigg Rose,Elgin,H,2,0,12.0,7.0,5.0,2.0,6.0,5.0,1,3,0,0,1.73,4.0,3.75,1.75,2.05
Dumbarton,Forfar,D,2,2,12.0,10.0,7.0,3.0,3.0,5.0,2,3,0,0,1.62,3.6,4.5,1.8,2.0
East Fife,Stenhousemuir,D,1,1,4.0,6.0,1.0,2.0,5.0,3.0,3,1,0,0,3.75,3.4,1.83,1.8,2.0
Spartans,Elgin,A,1,2,7.0,7.0,1.0,5.0,5.0,5.0,2,1,0,0,1.45,4.2,5.0,1.62,2.25
Stranraer,Clyde,H,2,0,9.0,7.0,5.0,1.0,5.0,5.0,3,5,0,1,2.3,3.4,2.7,1.88,1.98
Dumbarton,Spartans,D,0,0,13.0,6.0,4.0,2.0,7.0,3.0,4,2,0,0,2.1,3.6,2.9,1.95,1.9
Bonnyrigg Rose,East Fife,A,0,2,15.0,9.0,6.0,4.0,2.0,2.0,2,1,1,0,2.1,3.4,3.1,2.03,1.83
Clyde,Dumbarton,H,2,0,14.0,8.0,4.0,1.0,5.0,5.0,3,3,1,0,3.2,3.5,2.0,1.85,2.0
Elgin,Stenhousemuir,D,2,2,12.0,9.0,3.0,5.0,5.0,4.0,1,2,0,0,3.75,3.8,1.8,1.98,1.88
Forfar,Peterhead,D,3,3,11.0,13.0,6.0,5.0,7.0,8.0,2,3,0,0,2.5,3.4,2.5,1.98,1.88
Stranraer,Spartans,A,1,2,4.0,4.0,2.0,3.0,4.0,6.0,2,2,0,0,2.7,3.25,2.4,2.0,1.85
Clyde,Forfar,A,0,2,9.0,8.0,4.0,3.0,8.0,5.0,3,2,0,0,2.63,3.25,2.38,2.03,1.83
Peterhead,Bonnyrigg Rose,D,0,0,11.0,6.0,6.0,1.0,4.0,3.0,1,1,1,0,1.8,3.4,4.0,1.95,1.9
Dumbarton,Stranraer,H,2,1,10.0,12.0,3.0,4.0,4.0,5.0,0,1,0,0,1.67,3.75,4.33,1.88,1.98
East Fife,Forfar,D,1,1,6.0,3.0,2.0,2.0,11.0,1.0,1,1,0,0,2.15,3.2,3.2,2.05,1.8
Peterhead,Elgin,D,1,1,8.0,10.0,4.0,3.0,4.0,4.0,5,2,0,0,1.65,3.6,5.0,1.85,2.0
Spartans,Bonnyrigg Rose,H,2,1,9.0,8.0,5.0,5.0,11.0,6.0,3,5,0,0,2.05,3.3,3.3,2.05,1.8
Stenhousemuir,Clyde,A,1,6,16.0,14.0,8.0,10.0,8.0,5.0,0,2,0,0,1.45,4.33,5.5,1.75,2.05
Bonnyrigg Rose,Stenhousemuir,A,0,1,6.0,15.0,2.0,4.0,6.0,5.0,0,3,0,0,2.8,3.25,2.3,2.1,1.7
Clyde,Elgin,H,2,1,12.0,13.0,4.0,4.0,6.0,4.0,1,1,0,1,2.0,3.5,3.25,1.93,1.93
Dumbarton,Peterhead,H,1,0,14.0,6.0,5.0,1.0,7.0,2.0,2,3,0,0,2.15,3.2,3.25,2.05,1.75
Spartans,East Fife,A,1,3,4.0,7.0,3.0,3.0,6.0,3.0,2,2,0,0,1.91,3.3,3.8,2.05,1.75
Stranraer,Forfar,D,0,0,9.0,8.0,5.0,6.0,6.0,6.0,1,1,0,1,2.4,3.2,2.8,2.1,1.7
Bonnyrigg Rose,Spartans,D,2,2,12.0,15.0,4.0,6.0,5.0,1.0,0,1,1,0,2.7,3.3,2.45,2.08,1.73
Stranraer,Dumbarton,H,5,0,15.0,14.0,8.0,7.0,3.0,6.0,1,2,0,0,2.88,3.5,2.15,1.93,1.93
East Fife,Dumbarton,H,3,2,8.0,7.0,5.0,3.0,8.0,3.0,1,2,0,0,2.4,3.25,2.63,1.85,2.0
Elgin,Bonnyrigg Rose,H,1,0,14.0,3.0,6.0,2.0,2.0,5.0,2,1,0,0,2.45,3.5,2.5,1.98,1.88
Forfar,Clyde,H,2,1,11.0,10.0,5.0,4.0,7.0,3.0,0,0,0,0,2.25,3.5,2.63,1.7,2.1
Peterhead,Stranraer,H,2,0,8.0,8.0,6.0,3.0,5.0,7.0,1,3,0,0,1.91,3.6,3.4,1.85,2.0
Stenhousemuir,Spartans,D,0,0,5.0,6.0,2.0,1.0,7.0,2.0,0,1,0,0,1.91,3.5,3.6,1.98,1.88
Bonnyrigg Rose,Clyde,A,1,2,11.0,14.0,4.0,5.0,2.0,7.0,0,0,0,0,2.5,3.25,2.6,1.85,2.0
Forfar,Stenhousemuir,D,1,1,6.0,12.0,1.0,3.0,3.0,3.0,2,4,0,0,3.2,3.1,2.25,1.95,1.9
Peterhead,East Fife,D,1,1,8.0,5.0,4.0,1.0,2.0,3.0,0,2,0,0,2.15,3.25,3.1,1.98,1.88
Spartans,Dumbarton,A,2,6,5.0,15.0,3.0,8.0,9.0,6.0,0,2,0,0,2.2,3.3,2.9,1.93,1.93
Stranraer,Elgin,A,1,2,3.0,3.0,2.0,3.0,5.0,6.0,3,2,1,0,1.91,3.5,3.5,1.85,2.0
Clyde,Spartans,D,0,0,5.0,5.0,1.0,2.0,7.0,5.0,2,3,0,0,2.25,3.5,2.8,1.83,2.03
Dumbarton,Bonnyrigg Rose,H,2,0,12.0,5.0,7.0,1.0,6.0,1.0,0,3,0,0,1.57,3.6,5.5,1.78,2.1
East Fife,Stranraer,H,2,1,8.0,2.0,2.0,1.0,3.0,3.0,4,0,0,0,1.75,3.2,4.75,1.98,1.88
Elgin,Forfar,D,1,1,10.0,6.0,3.0,4.0,7.0,4.0,1,2,0,0,2.55,3.1,2.63,2.15,1.67
Stenhousemuir,Peterhead,D,0,0,9.0,6.0,2.0,3.0,6.0,5.0,3,1,0,0,1.75,3.25,4.5,2.05,1.75
Dumbarton,Stenhousemuir,D,0,0,13.0,9.0,6.0,1.0,6.0,3.0,1,2,0,0,2.55,3.5,2.38,1.73,2.08
East Fife,Elgin,H,2,0,10.0,6.0,6.0,2.0,3.0,4.0,0,2,0,0,1.83,3.5,3.75,1.98,1.88
Peterhead,Clyde,H,4,1,10.0,7.0,6.0,4.0,4.0,3.0,1,3,0,1,1.95,3.5,3.4,1.75,2.05
Spartans,Forfar,H,1,0,4.0,5.0,2.0,1.0,4.0,6.0,1,1,0,1,2.0,3.6,3.2,1.98,1.88
Stranraer,Bonnyrigg Rose,D,1,1,7.0,16.0,4.0,4.0,1.0,4.0,1,1,0,0,2.0,3.75,3.1,2.0,1.85
Bonnyrigg Rose,Peterhead,D,2,2,12.0,11.0,3.0,5.0,10.0,4.0,4,6,0,0,2.8,3.4,2.2,1.88,1.98
Clyde,Stranraer,H,1,0,13.0,4.0,6.0,1.0,7.0,2.0,1,2,0,0,2.1,3.4,3.1,1.75,2.05
Elgin,Spartans,D,2,2,8.0,10.0,3.0,4.0,1.0,2.0,1,1,0,0,2.88,3.3,2.25,2.05,1.75
Forfar,Dumbarton,A,0,2,5.0,9.0,1.0,5.0,4.0,4.0,1,1,0,0,2.38,3.4,2.7,1.75,2.05
Stenhousemuir,East Fife,D,0,0,9.0,4.0,2.0,2.0,10.0,2.0,2,1,0,0,1.91,3.4,3.6,1.88,1.98
Dumbarton,Clyde,H,1,0,9.0,6.0,4.0,2.0,6.0,9.0,2,3,0,0,1.75,3.6,3.6,1.75,2.05
East Fife,Bonnyrigg Rose,A,1,4,2.0,8.0,1.0,6.0,5.0,5.0,0,1,0,0,2.0,3.25,3.3,1.93,1.93
Peterhead,Forfar,H,2,1,7.0,9.0,2.0,3.0,3.0,2.0,4,2,0,0,1.83,3.2,4.0,1.95,1.9
Spartans,Stranraer,D,0,0,2.0,5.0,1.0,2.0,3.0,5.0,2,1,0,0,1.85,3.25,3.75,1.93,1.93
Stenhousemuir,Elgin,D,1,1,15.0,9.0,7.0,4.0,2.0,4.0,4,4,0,1,1.75,3.6,4.0,1.83,2.03
Bonnyrigg Rose,Spartans,A,0,1,10.0,10.0,2.0,4.0,8.0,3.0,1,2,0,0,2.38,3.5,2.63,1.9,1.95
Clyde,Stenhousemuir,D,2,2,12.0,15.0,6.0,5.0,3.0,6.0,0,1,0,0,2.38,3.4,2.7,2.05,1.75
Elgin,Peterhead,D,1,1,6.0,9.0,5.0,2.0,4.0,8.0,0,3,1,0,2.8,3.4,2.25,2.0,1.85
Forfar,East Fife,H,2,1,11.0,6.0,5.0,2.0,3.0,9.0,4,2,0,0,2.45,3.4,2.6,2.05,1.75
Stranraer,Dumbarton,D,0,0,6.0,4.0,1.0,2.0,5.0,6.0,0,2,0,0,3.4,3.75,1.91,1.75,2.05
Clyde,East Fife,H,1,0,14.0,7.0,6.0,4.0,5.0,4.0,1,2,0,0,1.8,3.6,3.75,1.8,2.0
Dumbarton,Elgin,D,2,2,13.0,6.0,4.0,3.0,5.0,3.0,2,2,0,0,1.57,4.0,4.75,1.8,2.0
Forfar,Stranraer,H,2,0,13.0,1.0,6.0,0.0,7.0,7.0,1,1,0,0,2.7,3.3,2.3,2.35,1.57
Spartans,Peterhead,D,2,2,8.0,10.0,5.0,3.0,4.0,6.0,0,2,0,0,2.5,3.3,2.55,1.95,1.9
Stenhousemuir,Bonnyrigg Rose,D,1,1,8.0,14.0,3.0,4.0,4.0,7.0,0,1,0,0,1.83,3.6,3.75,1.88,1.98
Bonnyrigg Rose,Forfar,H,4,0,11.0,10.0,6.0,1.0,7.0,4.0,3,1,0,0,2.2,3.25,3.1,2.05,1.75
East Fife,Spartans,A,1,2,3.0,7.0,2.0,3.0,9.0,2.0,1,1,0,0,2.1,3.75,2.88,2.03,1.83
Elgin,Clyde,A,0,3,11.0,11.0,1.0,6.0,6.0,1.0,2,0,0,0,4.0,3.2,1.91,1.83,2.03
Peterhead,Dumbarton,H,2,1,9.0,7.0,3.0,3.0,4.0,2.0,3,0,1,0,2.5,3.2,2.7,1.83,2.03
Stranraer,Stenhousemuir,H,2,0,16.0,6.0,7.0,3.0,5.0,4.0,1,3,0,0,2.15,4.0,2.5,2.03,1.83
